ACC_ID	PDBID	CHAINID	modposP	PDBRES	PDBPOS	UPRES	UPPOS	numMissing
O00267	6ted	Z	775	X	775	T	775	7
O00267	7unc	Z	775	X	775	T	775	7
O00267	7und	Z	775	X	775	T	775	7
O00506	2xik	A	174	X	174	T	174	0
O00506	7z4v	A	174	X	174	T	174	0
O00763	3jrw	A	222	X	222	S	222	11
O14920	4kik	A	257	X	257	S	257	0
O14920	4kik	B	177,181	X,X	177,181	S,S	177,181	3,3
O14939	6ohp	A	573	X	573	Y	573	0
O14939	6ohp	B	573	X	573	Y	573	0
O14939	6ohp	C	573	X	573	Y	573	0
O14939	6ohp	D	573	X	573	Y	573	0
O14965	1ol5	A	287,288	X,X	287,288	T,T	287,288	0,0
O14965	1ol7	A	287,288	X,X	287,288	T,T	287,288	0,0
O14965	2w1c	A	287,288	X,X	287,288	T,T	287,288	0,0
O14965	2wtv	A	287,288	X,X	287,288	T,T	287,288	0,0
O14965	2wtv	B	287,288	X,X	287,288	T,T	287,288	0,0
O14965	2wtv	C	287,288	X,X	287,288	T,T	287,288	0,0
O14965	2wtv	D	287,288	X,X	287,288	T,T	287,288	0,0
O14965	3e5a	A	288	X	288	T	288	0
O14965	3ha6	A	287,288	X,X	287,288	T,T	287,288	0,0
O14965	4bn1	A	287,288	X,X	287,288	T,T	287,288	0,0
O14965	4ceg	A	288	X	288	T	288	0
O14965	5dn3	A	288	X	288	T	288	0
O14965	5dnr	A	288	X	288	T	288	0
O14965	5dt3	A	287	X	287	T	287	0
O14965	5ew9	A	287,288	X,X	287,288	T,T	287,288	5,5
O14965	5g1x	A	288	X	288	T	288	0
O14965	5l8k	A	288	X	288	T	288	0
O14965	5l8l	A	288	X	288	T	288	0
O14965	5lxm	A	288	X	288	T	288	0
O14965	5orl	A	288	X	288	T	288	0
O14965	5orn	A	288	X	288	T	288	0
O14965	5oro	A	288	X	288	T	288	0
O14965	5orp	A	288	X	288	T	288	0
O14965	5orr	A	288	X	288	T	288	0
O14965	5ors	A	288	X	288	T	288	0
O14965	5ort	A	288	X	288	T	288	0
O14965	5orv	A	288	X	288	T	288	0
O14965	5orw	A	288	X	288	T	288	0
O14965	5orx	A	288	X	288	T	288	0
O14965	5ory	A	288	X	288	T	288	0
O14965	5orz	A	288	X	288	T	288	0
O14965	5os0	A	288	X	288	T	288	0
O14965	5os1	A	288	X	288	T	288	0
O14965	5os3	A	288	X	288	T	288	0
O14965	5os4	A	288	X	288	T	288	0
O14965	5os5	A	288	X	288	T	288	0
O14965	5os6	A	288	X	288	T	288	0
O14965	5osd	A	288	X	288	T	288	0
O14965	5ose	A	288	X	288	T	288	0
O14965	5osf	A	288	X	288	T	288	0
O14965	6i2u	A	287,288	X,X	287,288	T,T	287,288	0,0
O14965	6r4a	A	288	X	288	T	288	0
O14965	6r4b	A	288	X	288	T	288	0
O14965	6r4c	A	288	X	288	T	288	0
O14965	6r4d	A	288	X	288	T	288	0
O14965	6vpg	A	287,288	X,X	287,288	T,T	287,288	0,0
O14965	6vph	A	287,288	X,X	287,288	T,T	287,288	0,0
O14965	6vpl	A	288	X	288	T	288	4
O14965	6vpl	B	288	X	288	T	288	4
O14965	6vpm	A	288	X	288	T	288	4
O14965	6vpm	B	288	X	288	T	288	4
O14965	7ztl	A	288	X	288	T	288	0
O14965	8c14	A	288	X	288	T	288	0
O14965	8c1e	A	288	X	288	T	288	0
O14965	8c1m	A	288	X	288	T	288	0
O15075	7kxw	A	484	X	484	T	484	0
O15151	4rxz	A	99	X	99	Y	99	0
O15151	4rxz	B	99	X	99	Y	99	0
O15264	4myg	A	180,182	X,X	180,182	T,Y	180,182	0,0
O15264	4myg	B	180,182	X,X	180,182	T,Y	180,182	0,0
O15530	1h1w	A	241	X	241	S	241	4
O15530	1oky	A	241	X	241	S	241	6
O15530	1okz	A	241	X	241	S	241	9
O15530	1uu3	A	241	X	241	S	241	10
O15530	1uu7	A	241	X	241	S	241	5
O15530	1uu8	A	241	X	241	S	241	8
O15530	1uu9	A	241	X	241	S	241	9
O15530	1uvr	A	241	X	241	S	241	4
O15530	1z5m	A	241	X	241	S	241	10
O15530	2pe0	A	241	X	241	S	241	10
O15530	2pe1	A	241	X	241	S	241	10
O15530	2pe2	A	241	X	241	S	241	10
O15530	2r7b	A	241	X	241	S	241	10
O15530	2xch	A	241	X	241	S	241	8
O15530	2xck	A	241	X	241	S	241	8
O15530	3h9o	A	241	X	241	S	241	9
O15530	3hrc	A	241	X	241	S	241	4
O15530	3hrf	A	241	X	241	S	241	0
O15530	3iop	A	241	X	241	S	241	9
O15530	3nay	A	241	X	241	S	241	8
O15530	3nay	B	241	X	241	S	241	8
O15530	3nun	A	241	X	241	S	241	9
O15530	3nus	A	241	X	241	S	241	9
O15530	3nuu	A	241	X	241	S	241	9
O15530	3nuy	A	241	X	241	S	241	9
O15530	3orx	A	241	X	241	S	241	1
O15530	3orx	B	241	X	241	S	241	2
O15530	3orx	C	241	X	241	S	241	1
O15530	3orx	D	241	X	241	S	241	1
O15530	3orx	F	241	X	241	S	241	10
O15530	3orx	G	241	X	241	S	241	10
O15530	3orx	H	241	X	241	S	241	10
O15530	3orz	A	241	X	241	S	241	9
O15530	3orz	B	241	X	241	S	241	8
O15530	3orz	C	241	X	241	S	241	9
O15530	3orz	D	241	X	241	S	241	8
O15530	3otu	A	241	X	241	S	241	5
O15530	3qc4	A	241	X	241	S	241	7
O15530	3qc4	B	241	X	241	S	241	7
O15530	3qcq	A	241	X	241	S	241	9
O15530	3qcs	A	241	X	241	S	241	9
O15530	3qcx	A	241	X	241	S	241	9
O15530	3qd3	A	241	X	241	S	241	9
O15530	3rcj	A	241	X	241	S	241	0
O15530	3rwp	A	241	X	241	S	241	9
O15530	3rwq	A	241	X	241	S	241	4
O15530	3sc1	A	241	X	241	S	241	8
O15530	4a06	A	241	X	241	S	241	0
O15530	4a07	A	241	X	241	S	241	0
O15530	4aw0	A	241	X	241	S	241	0
O15530	4aw1	A	241	X	241	S	241	5
O15530	4ct1	A	241	X	241	S	241	0
O15530	4ct2	A	241	X	241	S	241	0
O15530	4rqk	A	241	X	241	S	241	0
O15530	4rqv	A	241	X	241	S	241	0
O15530	4rrv	A	241	X	241	S	241	0
O15530	4xx9	A	241	X	241	S	241	0
O15530	5ack	A	241	X	241	S	241	0
O15530	5hkm	A	241	X	241	S	241	10
O15530	5hng	A	241	X	241	S	241	8
O15530	5ho7	A	241	X	241	S	241	8
O15530	5ho8	A	241	X	241	S	241	9
O15530	5lvl	A	241	X	241	S	241	0
O15530	5lvm	A	241	X	241	S	241	0
O15530	5lvn	A	241	X	241	S	241	0
O15530	5lvo	A	241	X	241	S	241	0
O15530	5lvp	A	241	X	241	S	241	9
O15530	5lvp	B	241	X	241	S	241	9
O15530	5lvp	C	241	X	241	S	241	9
O15530	5lvp	D	241	X	241	S	241	9
O15530	5mrd	A	241	X	241	S	241	0
O15530	8dqt	A	241	X	241	S	241	0
O43293	1yrp	A	265	X	265	T	265	0
O43293	1yrp	B	265	X	265	T	265	0
O43293	2j90	A	50,265	X,X	50,265	S,T	50,265	0,0
O43293	2j90	B	50,265	X,X	50,265	S,T	50,265	0,0
O43353	5ng3	A	111	X	111	T	111	0
O43353	5ng3	D	111	X	111	T	111	0
O43683	4qpm	A	969	X	969	S	969	0
O43683	4qpm	B	969	X	969	S	969	0
O43683	5dmz	A	969	X	969	S	969	0
O43683	5dmz	B	969	X	969	S	969	0
O43683	6f7b	A	969	X	969	S	969	0
O43741	4rer	B	108	X	108	S	108	0
O43741	6b2e	B	108	X	108	S	108	0
O60260	5tr5	A	65	X	65	S	65	0
O60260	6glc	A	65	X	65	S	65	3
O60674	2b7a	A	1007,1008	X,X	1007,1008	Y,Y	1007,1008	0,0
O60674	2b7a	B	1007,1008	X,X	1007,1008	Y,Y	1007,1008	0,0
O60674	2w1i	A	1007,1008	X,X	1007,1008	Y,Y	1007,1008	0,0
O60674	2w1i	B	1007,1008	X,X	1007,1008	Y,Y	1007,1008	0,0
O60674	2xa4	A	1007,1008	X,X	1007,1008	Y,Y	1007,1008	4,4
O60674	2xa4	B	1007,1008	X,X	1007,1008	Y,Y	1007,1008	1,1
O60674	3e62	A	1007,1008	X,X	1007,1008	Y,Y	1007,1008	0,0
O60674	3e63	A	1007,1008	X,X	1007,1008	Y,Y	1007,1008	0,0
O60674	3e64	A	1007,1008	X,X	1007,1008	Y,Y	1007,1008	0,0
O60674	3fup	A	1007,1008	X,X	1007,1008	Y,Y	1007,1008	0,0
O60674	3fup	B	1007,1008	X,X	1007,1008	Y,Y	1007,1008	0,0
O60674	3io7	A	1007,1008	X,X	1007,1008	Y,Y	1007,1008	0,0
O60674	3iok	A	1007,1008	X,X	1007,1008	Y,Y	1007,1008	0,0
O60674	3jy9	A	1007,1008	X,X	1007,1008	Y,Y	1007,1008	0,0
O60674	3kck	A	1007,1008	X,X	1007,1008	Y,Y	1007,1008	0,0
O60674	3krr	A	1007,1008	X,X	1007,1008	Y,Y	1007,1008	0,0
O60674	3lpb	A	1007,1008	X,X	1007,1008	Y,Y	1007,1008	0,0
O60674	3lpb	B	1007,1008	X,X	1007,1008	Y,Y	1007,1008	3,3
O60674	3q32	A	1007,1008	X,X	1007,1008	Y,Y	1007,1008	0,0
O60674	3q32	B	1007,1008	X,X	1007,1008	Y,Y	1007,1008	0,0
O60674	3rvg	A	1007,1008	X,X	1007,1008	Y,Y	1007,1008	5,5
O60674	3tjc	A	1007,1008	X,X	1007,1008	Y,Y	1007,1008	0,0
O60674	3tjc	B	1007,1008	X,X	1007,1008	Y,Y	1007,1008	0,0
O60674	3tjd	A	1007,1008	X,X	1007,1008	Y,Y	1007,1008	0,0
O60674	3tjd	B	1007,1008	X,X	1007,1008	Y,Y	1007,1008	0,0
O60674	3zmm	A	1007,1008	X,X	1007,1008	Y,Y	1007,1008	4,4
O60674	3zmm	B	1007,1008	X,X	1007,1008	Y,Y	1007,1008	0,0
O60674	4aqc	A	1007,1008	X,X	1007,1008	Y,Y	1007,1008	0,0
O60674	4aqc	B	1007,1008	X,X	1007,1008	Y,Y	1007,1008	0,0
O60674	4c61	A	1007,1008	X,X	1007,1008	Y,Y	1007,1008	4,4
O60674	4c61	B	1007,1008	X,X	1007,1008	Y,Y	1007,1008	0,0
O60674	4c62	A	1007,1008	X,X	1007,1008	Y,Y	1007,1008	4,4
O60674	4c62	B	1007,1008	X,X	1007,1008	Y,Y	1007,1008	0,0
O60674	4d0w	A	1007,1008	X,X	1007,1008	Y,Y	1007,1008	0,0
O60674	4d0x	A	1007,1008	X,X	1007,1008	Y,Y	1007,1008	0,0
O60674	4d1s	A	1007,1008	X,X	1007,1008	Y,Y	1007,1008	5,5
O60674	4e4m	A	1007,1008	X,X	1007,1008	Y,Y	1007,1008	0,0
O60674	4e4m	B	1007,1008	X,X	1007,1008	Y,Y	1007,1008	0,0
O60674	4e4m	D	1007,1008	X,X	1007,1008	Y,Y	1007,1008	0,0
O60674	4e4m	E	1007,1008	X,X	1007,1008	Y,Y	1007,1008	0,0
O60674	4e6d	A	1007,1008	X,X	1007,1008	Y,Y	1007,1008	0,0
O60674	4e6d	B	1007,1008	X,X	1007,1008	Y,Y	1007,1008	0,0
O60674	4e6q	A	1007,1008	X,X	1007,1008	Y,Y	1007,1008	0,0
O60674	4e6q	B	1007,1008	X,X	1007,1008	Y,Y	1007,1008	0,0
O60674	4f08	A	1007,1008	X,X	1007,1008	Y,Y	1007,1008	0,0
O60674	4f08	B	1007,1008	X,X	1007,1008	Y,Y	1007,1008	0,0
O60674	4f09	A	1007,1008	X,X	1007,1008	Y,Y	1007,1008	0,0
O60674	4gfm	A	1007,1008	X,X	1007,1008	Y,Y	1007,1008	0,0
O60674	4gmy	A	1007,1008	X,X	1007,1008	Y,Y	1007,1008	0,0
O60674	4hge	A	1007,1008	X,X	1007,1008	Y,Y	1007,1008	0,0
O60674	4hge	B	1007,1008	X,X	1007,1008	Y,Y	1007,1008	0,0
O60674	4iva	A	1007,1008	X,X	1007,1008	Y,Y	1007,1008	0,0
O60674	4ji9	A	1007,1008	X,X	1007,1008	Y,Y	1007,1008	0,0
O60674	4ji9	B	1007,1008	X,X	1007,1008	Y,Y	1007,1008	0,0
O60674	4jia	A	1007,1008	X,X	1007,1008	Y,Y	1007,1008	0,0
O60674	4p7e	A	1007,1008	X,X	1007,1008	Y,Y	1007,1008	0,0
O60674	4p7e	B	1007,1008	X,X	1007,1008	Y,Y	1007,1008	0,0
O60674	4ytc	A	1007,1008	X,X	1007,1008	Y,Y	1007,1008	0,0
O60674	4ytf	A	1007,1008	X,X	1007,1008	Y,Y	1007,1008	0,0
O60674	4yth	A	1007,1008	X,X	1007,1008	Y,Y	1007,1008	0,0
O60674	4yti	A	1007,1008	X,X	1007,1008	Y,Y	1007,1008	0,0
O60674	4zim	A	1007,1008	X,X	1007,1008	Y,Y	1007,1008	0,0
O60674	4zim	B	1007,1008	X,X	1007,1008	Y,Y	1007,1008	0,0
O60674	5aep	A	1007,1008	X,X	1007,1008	Y,Y	1007,1008	0,0
O60674	5cf4	A	1007,1008	X,X	1007,1008	Y,Y	1007,1008	0,0
O60674	5cf4	B	1007,1008	X,X	1007,1008	Y,Y	1007,1008	0,0
O60674	5cf5	A	1007,1008	X,X	1007,1008	Y,Y	1007,1008	0,0
O60674	5cf5	B	1007,1008	X,X	1007,1008	Y,Y	1007,1008	0,0
O60674	5cf6	A	1007,1008	X,X	1007,1008	Y,Y	1007,1008	0,0
O60674	5cf6	B	1007,1008	X,X	1007,1008	Y,Y	1007,1008	0,0
O60674	5cf8	A	1007,1008	X,X	1007,1008	Y,Y	1007,1008	0,0
O60674	5cf8	B	1007,1008	X,X	1007,1008	Y,Y	1007,1008	0,0
O60674	5hez	A	1007,1008	X,X	1007,1008	Y,Y	1007,1008	0,0
O60674	5hez	B	1007,1008	X,X	1007,1008	Y,Y	1007,1008	0,0
O60674	5hez	C	1007,1008	X,X	1007,1008	Y,Y	1007,1008	0,0
O60674	5hez	D	1007,1008	X,X	1007,1008	Y,Y	1007,1008	0,0
O60674	5tq3	A	1007,1008	X,X	1007,1008	Y,Y	1007,1008	2,2
O60674	5tq3	B	1007,1008	X,X	1007,1008	Y,Y	1007,1008	0,0
O60674	5tq4	A	1007,1008	X,X	1007,1008	Y,Y	1007,1008	0,0
O60674	5tq6	A	1007,1008	X,X	1007,1008	Y,Y	1007,1008	3,3
O60674	5tq6	B	1007,1008	X,X	1007,1008	Y,Y	1007,1008	4,4
O60674	5tq7	A	1007,1008	X,X	1007,1008	Y,Y	1007,1008	4,4
O60674	5tq7	B	1007,1008	X,X	1007,1008	Y,Y	1007,1008	3,3
O60674	5usy	A	1007	X	1007	Y	1007	3
O60674	5usy	B	1007	X	1007	Y	1007	3
O60674	5wev	A	1007,1008	X,X	1007,1008	Y,Y	1007,1008	0,0
O60674	6aaj	A	1007,1008	X,X	1007,1008	Y,Y	1007,1008	0,0
O60674	6aaj	B	1007,1008	X,X	1007,1008	Y,Y	1007,1008	2,2
O60674	6drw	A	1007	X	1007	Y	1007	3
O60674	6vgl	A	1007	X	1007	Y	1007	0
O60674	6vgl	B	1007	X	1007	Y	1007	0
O60674	6vgl	C	1007	X	1007	Y	1007	0
O60674	6vgl	D	1007	X	1007	Y	1007	0
O60674	6vn8	A	1007	X	1007	Y	1007	0
O60674	6vn8	B	1007	X	1007	Y	1007	0
O60674	6vnb	A	1007	X	1007	Y	1007	0
O60674	6vnb	B	1007	X	1007	Y	1007	0
O60674	6vnc	A	1007	X	1007	Y	1007	0
O60674	6vnc	B	1007	X	1007	Y	1007	0
O60674	6vne	A	1007	X	1007	Y	1007	0
O60674	6vne	B	1007	X	1007	Y	1007	0
O60674	6vnf	A	1007	X	1007	Y	1007	0
O60674	6vnf	B	1007	X	1007	Y	1007	0
O60674	6vng	A	1007	X	1007	Y	1007	0
O60674	6vng	B	1007	X	1007	Y	1007	0
O60674	6vnh	A	1007	X	1007	Y	1007	0
O60674	6vnh	B	1007	X	1007	Y	1007	0
O60674	6vni	A	1007	X	1007	Y	1007	0
O60674	6vni	B	1007	X	1007	Y	1007	0
O60674	6vnj	A	1007	X	1007	Y	1007	0
O60674	6vnj	B	1007	X	1007	Y	1007	0
O60674	6vnk	A	1007	X	1007	Y	1007	0
O60674	6vnk	B	1007	X	1007	Y	1007	0
O60674	6vnk	C	1007	X	1007	Y	1007	0
O60674	6vnk	D	1007	X	1007	Y	1007	0
O60674	6vnl	A	1007	X	1007	Y	1007	0
O60674	6vnl	B	1007	X	1007	Y	1007	0
O60674	6vnl	C	1007	X	1007	Y	1007	0
O60674	6vnl	D	1007	X	1007	Y	1007	0
O60674	6vnm	A	1007	X	1007	Y	1007	0
O60674	6vnm	B	1007	X	1007	Y	1007	0
O60674	6vs3	A	1007	X	1007	Y	1007	0
O60674	6vs3	B	1007	X	1007	Y	1007	0
O60674	6vsn	A	1007	X	1007	Y	1007	0
O60674	6vsn	B	1007	X	1007	Y	1007	0
O60674	6vsn	C	1007	X	1007	Y	1007	0
O60674	6vsn	D	1007	X	1007	Y	1007	0
O60674	6wtn	A	1007,1008	X,X	1007,1008	Y,Y	1007,1008	4,4
O60674	6wto	A	1007,1008	X,X	1007,1008	Y,Y	1007,1008	4,4
O60674	6wtp	A	1007,1008	X,X	1007,1008	Y,Y	1007,1008	6,6
O60674	6wtq	A	1007,1008	X,X	1007,1008	Y,Y	1007,1008	4,4
O60674	6x8e	A	1007,1008	X,X	1007,1008	Y,Y	1007,1008	4,4
O60674	6x8e	B	1007,1008	X,X	1007,1008	Y,Y	1007,1008	5,5
O60674	7ll4	A	1007	X	1007	Y	1007	0
O60674	7ll5	A	1007	X	1007	Y	1007	0
O60674	7q7i	A	1007,1008	X,X	1007,1008	Y,Y	1007,1008	0,0
O60674	7q7k	A	1007,1008	X,X	1007,1008	Y,Y	1007,1008	0,0
O60674	7q7l	A	1007,1008	X,X	1007,1008	Y,Y	1007,1008	0,0
O60674	7q7w	A	1007,1008	X,X	1007,1008	Y,Y	1007,1008	0,0
O60674	7ree	A	1007	X	1007	Y	1007	2
O60674	7uyw	A	1007,1008	X,X	1007,1008	Y,Y	1007,1008	0,0
O60674	8bm2	A	1007,1008	X,X	1007,1008	Y,Y	1007,1008	0,0
O60674	8bm2	B	1007,1008	X,X	1007,1008	Y,Y	1007,1008	0,0
O60674	8bpv	A	1007,1008	X,X	1007,1008	Y,Y	1007,1008	0,0
O60674	8bpw	A	1007,1008	X,X	1007,1008	Y,Y	1007,1008	0,0
O60674	8bpw	B	1007,1008	X,X	1007,1008	Y,Y	1007,1008	0,0
O60674	8bx6	A	1007,1008	X,X	1007,1008	Y,Y	1007,1008	0,0
O60674	8bx9	A	1007,1008	X,X	1007,1008	Y,Y	1007,1008	0,0
O60674	8bx9	B	1007,1008	X,X	1007,1008	Y,Y	1007,1008	0,0
O60674	8bxc	A	1007,1008	X,X	1007,1008	Y,Y	1007,1008	0,0
O60674	8bxc	B	1007,1008	X,X	1007,1008	Y,Y	1007,1008	0,0
O60674	8bxh	A	1007,1008	X,X	1007,1008	Y,Y	1007,1008	0,0
O60674	8g6z	A	1007	X	1007	Y	1007	2
O60674	8g6z	B	1007	X	1007	Y	1007	2
O60674	8g8o	A	1007,1008	X,X	1007,1008	Y,Y	1007,1008	0,0
O60674	8g8o	B	1007,1008	X,X	1007,1008	Y,Y	1007,1008	3,3
O60674	8g8x	A	1007,1008	X,X	1007,1008	Y,Y	1007,1008	0,0
O60674	8g8x	B	1007,1008	X,X	1007,1008	Y,Y	1007,1008	3,3
O75385	4wno	A	180	X	180	T	180	0
O75385	4wnp	A	180	X	180	T	180	0
O75385	4wnp	B	180	X	180	T	180	0
O75385	4wnp	C	180	X	180	T	180	0
O75385	4wnp	D	180	X	180	T	180	0
O75385	5ci7	A	180	X	180	T	180	0
O75385	6mnh	A	87	X	87	S	87	0
O75385	6qas	A	87,180	X,X	87,180	S,T	87,180	0,0
O75385	6qas	B	87,180	X,X	87,180	S,T	87,180	0,0
O75385	8sv9	A	87,180	X,X	87,180	S,T	87,180	0,0
O75385	8sv9	B	87,180	X,X	87,180	S,T	87,180	0,0
O75460	4yzc	A	724,726,729	X,X,X	724,726,729	S,S,S	724,726,729	1,1,1
O75460	4yzc	B	724,726,729	X,X,X	724,726,729	S,S,S	724,726,729	2,2,2
O75460	6w3c	A	724,726,729	X,X,X	724,726,729	S,S,S	724,726,729	0,0,0
O75460	6w3c	B	724,726,729	X,X,X	724,726,729	S,S,S	724,726,729	0,0,0
O75460	6w3c	C	724,726,729	X,X,X	724,726,729	S,S,S	724,726,729	0,0,0
O75460	6w3c	D	724,726,729	X,X,X	724,726,729	S,S,S	724,726,729	0,0,0
O75460	6xdd	A	724,726,729	X,X,X	724,726,729	S,S,S	724,726,729	0,0,0
O75460	6xdd	B	724,726,729	X,X,X	724,726,729	S,S,S	724,726,729	0,0,0
O75531	7abm	A	4	X	4	S	4	0
O75531	7ndy	A	3,4	X,X	3,4	T,S	3,4	0,0
O75531	7ndy	B	3,4	X,X	3,4	T,S	3,4	0,0
O75533	7dvq	1	129	X	129	S	129	0
O75533	8y7e	1	129	X	129	S	129	0
O94804	6hxf	A	185,191,208	X,X,X	185,191,208	T,S,T	185,191,208	3,3,0
O94804	6hxf	B	185,191,208	X,X,X	185,191,208	T,S,T	185,191,208	0,0,0
O94804	6hxf	C	185,191,208	X,X,X	185,191,208	T,S,T	185,191,208	0,0,0
O96013	2bva	A	474	X	474	S	474	2
O96013	2bva	B	474	X	474	S	474	2
O96013	2cdz	A	474	X	474	S	474	0
O96013	2j0i	A	474	X	474	S	474	0
O96013	2q0n	A	474	X	474	S	474	0
O96013	2x4z	A	474	X	474	S	474	0
O96013	4app	A	474	X	474	S	474	0
O96013	4fie	A	474	X	474	S	474	0
O96013	4fie	B	474	X	474	S	474	0
O96013	4fif	A	474	X	474	S	474	0
O96013	4fif	B	474	X	474	S	474	0
O96013	4fig	A	474	X	474	S	474	0
O96013	4fig	B	474	X	474	S	474	0
O96013	4fih	A	474	X	474	S	474	0
O96013	4fii	A	474	X	474	S	474	0
O96013	4fij	A	474	X	474	S	474	0
O96013	4jdh	A	474	X	474	S	474	0
O96013	4jdi	A	474	X	474	S	474	0
O96013	4jdj	A	474,562	X,X	474,562	S,T	474,562	0,0
O96013	4jdk	A	474,562	X,X	474,562	S,T	474,562	0,0
O96013	4l67	A	474	X	474	S	474	0
O96013	4njd	A	474	X	474	S	474	0
O96013	4o0v	A	474	X	474	S	474	0
O96013	4o0x	A	474	X	474	S	474	0
O96013	4o0y	A	474	X	474	S	474	0
O96013	4xbr	A	474	X	474	S	474	0
O96013	4xbu	A	474	X	474	S	474	0
O96013	5bms	A	474	X	474	S	474	0
O96013	5i0b	A	474	X	474	S	474	0
O96013	5upk	B	474	X	474	S	474	0
O96013	5upl	A	474	X	474	S	474	0
O96013	5ved	A	474	X	474	S	474	0
O96013	5vee	A	474	X	474	S	474	0
O96013	5vef	A	474	X	474	S	474	0
O96013	5xva	A	474	X	474	S	474	0
O96013	5xvf	A	474	X	474	S	474	0
O96013	5xvg	A	474	X	474	S	474	0
O96013	5zjw	A	474	X	474	S	474	0
O96013	6wlx	A	474	X	474	S	474	0
O96013	6wly	A	474	X	474	S	474	0
O96013	7cmb	A	474	X	474	S	474	0
O96013	7cp3	A	474	X	474	S	474	0
O96013	7cp4	A	474	X	474	S	474	0
O96013	7s48	A	474	X	474	S	474	0
O96013	8ahg	A	474	X	474	S	474	0
O96013	8ahh	A	474	X	474	S	474	0
O96013	8ahi	A	474	X	474	S	474	0
P00519	2fo0	A	69	X	69	S	50	6
P00519	2gqg	A	393	X	393	Y	393	0
P00519	2gqg	B	393	X	393	Y	393	0
P00519	2v7a	A	393	X	393	Y	393	0
P00519	2v7a	B	393	X	393	Y	393	0
P00519	5np2	A	70,115	X,X	70,115	Y,Y	70,115	0,1
P00519	5np2	B	70,115	X,X	70,115	Y,Y	70,115	0,0
P00519	7w7x	A	393	X	393	Y	393	0
P00519	7w7x	B	393	X	393	Y	393	0
P00519	7w7y	A	393	X	393	Y	393	0
P00519	7w7y	B	393	X	393	Y	393	0
P00519	8h7f	A	393	X	393	Y	393	0
P00519	8h7f	B	393	X	393	Y	393	0
P00519	8h7h	A	393	X	393	Y	393	0
P00519	8h7h	B	393	X	393	Y	393	0
P00520	3dk6	A	393	X	393	Y	393	0
P00520	3dk6	B	393	X	393	Y	393	0
P00520	3dk7	A	393	X	393	Y	393	0
P00520	3dk7	B	393	X	393	Y	393	0
P01112	8cnn	A	64	X	64	Y	64	0
P04049	8chf	A	621	X	621	S	621	5
P04049	8chf	B	621	X	621	S	621	5
P04049	8cpd	A	621	X	621	S	621	5
P04049	8cpd	B	621	X	621	S	621	5
P04049	9axa	A	621	X	621	S	621	6
P04049	9axa	C	621	X	621	S	621	6
P04406	6ade	A	51,151	X,X	51,151	S,S	51,151	0,0
P04406	6ade	B	51,151	X,X	51,151	S,S	51,151	0,0
P04406	6ade	C	51,151	X,X	51,151	S,S	51,151	0,0
P04629	5wr7	A	677	X	677	S	677	2
P04629	6npt	A	677	X	677	S	677	0
P04629	6pl1	A	677	X	677	S	677	3
P04629	6pl2	A	677	X	677	S	677	0
P04629	6pl4	A	677	X	677	S	677	0
P04629	6pma	A	677	X	677	S	677	0
P04629	6pmc	A	677	X	677	S	677	0
P04629	6pme	A	677	X	677	S	677	3
P04629	6pme	B	677	X	677	S	677	5
P04629	6pme	C	677	X	677	S	677	2
P05132	1apm	E	10,197,338	X,X,X	10,197,338	S,T,S	11,198,339	9,0,0
P05132	1atp	E	197,338	X,X	197,338	T,S	198,339	0,0
P05132	1fmo	E	197,338	X,X	197,338	T,S	198,339	0,0
P05132	1j3h	A	197,338	X,X	197,338	T,S	198,339	0,1
P05132	1j3h	B	197,338	X,X	197,338	T,S	198,339	0,7
P05132	1jbp	E	10,197,338	X,X,X	10,197,338	S,T,S	11,198,339	8,0,0
P05132	1jlu	E	197,338	X,X	197,338	T,S	198,339	0,0
P05132	1rdq	E	197,338	X,X	197,338	T,S	198,339	0,0
P05132	1re8	A	197,338	X,X	197,338	T,S	198,339	0,0
P05132	1rej	A	197,338	X,X	197,338	T,S	198,339	0,0
P05132	1rek	A	197,338	X,X	197,338	T,S	198,339	0,0
P05132	1syk	A	197,338	X,X	197,338	T,S	198,339	0,0
P05132	1syk	B	197,338	X,X	197,338	T,S	198,339	0,3
P05132	2cpk	E	139,197,338	X,X,X	139,197,338	S,T,S	140,198,339	0,0,0
P05132	2erz	E	197,338	X,X	197,338	T,S	198,339	0,0
P05132	2qcs	A	139,197,338	X,X,X	139,197,338	S,T,S	140,198,339	0,0,0
P05132	2qur	A	197,338	X,X	197,338	T,S	198,339	0,0
P05132	2qvs	E	197,338	X,X	197,338	T,S	198,339	0,4
P05132	3fhi	A	197,338	X,X	197,338	T,S	198,339	0,0
P05132	3fjq	E	197,338	X,X	197,338	T,S	198,339	0,0
P05132	3idb	A	197,338	X,X	197,338	T,S	198,339	0,0
P05132	3idc	A	197,338	X,X	197,338	T,S	198,339	0,0
P05132	3o7l	B	197	X	197	T	198	0
P05132	3o7l	D	197,338	X,X	197,338	T,S	198,339	0,0
P05132	3ow3	A	197,338	X,X	197,338	T,S	198,339	0,0
P05132	3pvb	A	10,139,197,338	X,X,X,X	10,139,197,338	S,S,T,S	11,140,198,339	0,0,0,0
P05132	3qal	E	197,338	X,X	197,338	T,S	198,339	0,0
P05132	3qam	E	197,338	X,X	197,338	T,S	198,339	0,0
P05132	3x2u	A	139,197,338	X,X,X	139,197,338	S,T,S	140,198,339	0,0,0
P05132	3x2v	A	139,197,338	X,X,X	139,197,338	S,T,S	140,198,339	0,0,0
P05132	3x2w	A	139,197,338	X,X,X	139,197,338	S,T,S	140,198,339	0,0,0
P05132	4dfx	E	139,197,338	X,X,X	139,197,338	S,T,S	140,198,339	0,0,0
P05132	4dfy	A	338	X	338	S	339	5
P05132	4dfy	E	338	X	338	S	339	5
P05132	4dfz	E	139,197,338	X,X,X	139,197,338	S,T,S	140,198,339	0,0,0
P05132	4dg0	E	139,197,338	X,X,X	139,197,338	S,T,S	140,198,339	0,0,0
P05132	4dg2	E	139,197,338	X,X,X	139,197,338	S,T,S	140,198,339	0,0,0
P05132	4dg3	E	139,197	X,X	139,197	S,T	140,198	0,0
P05132	4dh1	A	139,197,338	X,X,X	139,197,338	S,T,S	140,198,339	0,0,0
P05132	4dh3	A	139,197,338	X,X,X	139,197,338	S,T,S	140,198,339	0,0,0
P05132	4dh5	A	139,197,338	X,X,X	139,197,338	S,T,S	140,198,339	0,0,0
P05132	4dh7	A	139,197,338	X,X,X	139,197,338	S,T,S	140,198,339	0,0,0
P05132	4dh8	A	139,197,338	X,X,X	139,197,338	S,T,S	140,198,339	0,0,0
P05132	4din	A	197,338	X,X	197,338	T,S	198,339	0,0
P05132	4hpt	E	197,338	X,X	197,338	T,S	198,339	0,0
P05132	4hpu	E	139,197,338	X,X,X	139,197,338	S,T,S	140,198,339	0,0,0
P05132	4iac	A	139,197,338	X,X,X	139,197,338	S,T,S	140,198,339	0,0,0
P05132	4iad	A	139,197,338	X,X,X	139,197,338	S,T,S	140,198,339	0,0,0
P05132	4iaf	A	139,197,338	X,X,X	139,197,338	S,T,S	140,198,339	0,0,0
P05132	4iai	A	139,197,338	X,X,X	139,197,338	S,T,S	140,198,339	0,0,0
P05132	4iak	A	139,197,338	X,X,X	139,197,338	S,T,S	140,198,339	0,0,0
P05132	4iay	A	139,197,338	X,X,X	139,197,338	S,T,S	140,198,339	0,0,0
P05132	4iaz	A	139,197,338	X,X,X	139,197,338	S,T,S	140,198,339	0,0,0
P05132	4ib0	A	139,197,338	X,X,X	139,197,338	S,T,S	140,198,339	0,0,0
P05132	4ib1	A	139,197,338	X,X,X	139,197,338	S,T,S	140,198,339	0,0,0
P05132	4ib3	A	139,197,338	X,X,X	139,197,338	S,T,S	140,198,339	0,0,0
P05132	4nts	A	197,338	X,X	197,338	T,S	198,339	0,0
P05132	4nts	B	197,338	X,X	197,338	T,S	198,339	0,0
P05132	4ntt	A	197,338	X,X	197,338	T,S	198,339	0,0
P05132	4ntt	B	197,338	X,X	197,338	T,S	198,339	0,0
P05132	4o21	A	139,197,338	X,X,X	139,197,338	S,T,S	140,198,339	0,0,0
P05132	4o22	A	139,197,338	X,X,X	139,197,338	S,T,S	140,198,339	0,0,0
P05132	4wbb	B	139,197,338	X,X,X	139,197,338	S,T,S	140,198,339	0,0,0
P05132	4x6q	C	139,197,338	X,X,X	139,197,338	S,T,S	140,198,339	0,0,0
P05132	4x6r	A	139,197,338	X,X,X	139,197,338	S,T,S	140,198,339	0,0,0
P05132	4xw4	A	139,197,338	X,X,X	139,197,338	S,T,S	140,198,339	0,0,0
P05132	4xw5	A	139,197,338	X,X,X	139,197,338	S,T,S	140,198,339	0,0,0
P05132	4xw6	A	139,197,338	X,X,X	139,197,338	S,T,S	140,198,339	0,0,0
P05132	5jr7	A	139,197,338	X,X,X	139,197,338	S,T,S	140,198,339	0,0,0
P05132	5jr7	C	139,197,338	X,X,X	139,197,338	S,T,S	140,198,339	0,0,0
P05132	5x3f	B	336	X	336	T	198	0
P05132	6e21	A	139,197,338	X,X,X	139,197,338	S,T,S	140,198,339	0,0,0
P05132	6mm5	E	197,338	X,X	197,338	T,S	198,339	0,0
P05132	6mm6	C	197,338	X,X	197,338	T,S	198,339	0,2
P05132	6mm6	E	197,338	X,X	197,338	T,S	198,339	0,4
P05132	6mm7	A	197,338	X,X	197,338	T,S	198,339	0,0
P05132	6mm7	D	197,338	X,X	197,338	T,S	198,339	0,2
P05132	6mm8	C	197,338	X,X	197,338	T,S	198,339	0,2
P05132	7e0z	A	197,338	X,X	197,338	T,S	198,339	0,0
P05132	7e11	A	197,338	X,X	197,338	T,S	198,339	0,0
P05132	7e12	A	197,338	X,X	197,338	T,S	198,339	0,0
P05132	7ujx	E	139,197,338	X,X,X	139,197,338	S,T,S	140,198,339	0,0,0
P05132	7v0g	E	139,197,338	X,X,X	139,197,338	S,T,S	140,198,339	0,0,0
P05187	1zeb	A	92	X	92	S	114	0
P05187	1zef	A	92	X	92	S	114	0
P05187	2glq	A	92	X	92	S	114	0
P05187	3mk0	A	92	X	92	S	114	0
P05187	3mk1	A	92	X	92	S	114	0
P05187	3mk2	A	92	X	92	S	114	0
P05198	6o9z	L	51	X	51	S	52	0
P05198	6o9z	M	51	X	51	S	52	0
P05198	7d43	K	51	X	51	S	52	0
P05198	7d43	L	51	X	51	S	52	0
P05198	7d44	K	51	X	51	S	52	0
P05198	7d44	L	51	X	51	S	52	0
P05198	7d45	K	51	X	51	S	52	0
P05198	7nzm	E	51	X	51	S	52	0
P05771	2i0e	A	500,641,660	X,X,X	500,641,660	T,T,S	500,642,661	0,0,0
P06213	1gag	A	1158,1162,1163	X,X,X	1158,1162,1163	Y,Y,Y	1185,1189,1190	0,0,0
P06213	1ir3	A	1158,1162,1163	X,X,X	1158,1162,1163	Y,Y,Y	1185,1189,1190	0,0,0
P06213	1rqq	A	1158,1162,1163	X,X,X	1158,1162,1163	Y,Y,Y	1185,1189,1190	0,0,0
P06213	1rqq	B	1158,1162,1163	X,X,X	1158,1162,1163	Y,Y,Y	1185,1189,1190	0,0,0
P06213	2auh	A	1158,1162,1163	X,X,X	1158,1162,1163	Y,Y,Y	1185,1189,1190	0,0,0
P06213	2b4s	B	1158,1162,1163	X,X,X	1158,1162,1163	Y,Y,Y	1185,1189,1190	0,0,0
P06213	2b4s	D	1158,1162,1163	X,X,X	1158,1162,1163	Y,Y,Y	1185,1189,1190	0,0,0
P06213	2z8c	A	1158,1162,1163	X,X,X	1158,1162,1163	Y,Y,Y	1185,1189,1190	0,0,0
P06213	3bu3	A	1158,1162,1163	X,X,X	1158,1162,1163	Y,Y,Y	1185,1189,1190	0,0,0
P06213	3bu5	A	1158,1162,1163	X,X,X	1158,1162,1163	Y,Y,Y	1185,1189,1190	0,0,0
P06213	3bu6	A	1158,1162,1163	X,X,X	1158,1162,1163	Y,Y,Y	1185,1189,1190	0,0,0
P06239	1qpc	A	394	X	394	Y	394	0
P06239	1qpd	A	394	X	394	Y	394	0
P06239	1qpe	A	394	X	394	Y	394	0
P06239	1qpj	A	394	X	394	Y	394	0
P06239	2ofu	A	394	X	394	Y	394	0
P06239	2zm1	A	394	X	394	Y	394	0
P06239	2zm4	A	394	X	394	Y	394	0
P06239	2zyb	A	394	X	394	Y	394	0
P06239	3ac1	A	394	X	394	Y	394	0
P06239	3ac2	A	394	X	394	Y	394	0
P06239	3ac3	A	394	X	394	Y	394	0
P06239	3ac4	A	394	X	394	Y	394	0
P06239	3ac5	A	394	X	394	Y	394	0
P06239	3ac8	A	394	X	394	Y	394	0
P06239	3acj	A	394	X	394	Y	394	0
P06239	3ack	A	394	X	394	Y	394	0
P06239	3ad4	A	394	X	394	Y	394	0
P06239	3ad5	A	394	X	394	Y	394	0
P06239	3ad6	A	394	X	394	Y	394	0
P06239	3bym	A	394	X	394	Y	394	0
P06239	3byo	A	394	X	394	Y	394	0
P06239	3kmm	A	394	X	394	Y	394	0
P06239	3kxz	A	394	X	394	Y	394	0
P06239	3lck	A	394	X	394	Y	394	0
P06239	6pdj	A	394	X	394	Y	394	0
P06241	2dq7	X	160	X	160	Y	420	0
P06276	2y1k	A	198	X	198	S	226	0
P06400	4elj	A	373	X	373	T	373	8
P06493	7nj0	B	161	X	161	T	161	0
P06737	1fa9	A	14	X	14	S	15	1
P06737	2qll	A	14	X	14	S	15	0
P06737	3dd1	A	14	X	14	S	15	8
P06737	3dds	A	14	X	14	S	15	8
P06737	3ddw	A	14	X	14	S	15	8
P07101	4j6s	E	505	X	505	S	19	14
P07101	4j6s	F	505	X	505	S	19	12
P07101	4j6s	G	505	X	505	S	19	12
P07101	4j6s	H	505	X	505	S	19	12
P07332	3cd3	A	713	X	713	Y	713	0
P07355	5lq0	A	24	X	24	Y	24	9
P07355	5lq0	B	24	X	24	Y	24	7
P07355	5lq2	A	24	X	24	Y	24	7
P07355	5lq2	B	24	X	24	Y	24	7
P07358	3ojy	B	364	X	364	T	418	0
P07477	1trn	A	151	X	151	Y	154	0
P07477	1trn	B	151	X	151	Y	154	0
P07949	2ivt	A	905	X	905	Y	905	0
P07949	2ivu	A	905	X	905	Y	905	0
P07949	2ivv	A	905	X	905	Y	905	0
P07949	2x2k	A	905	X	905	Y	905	0
P07949	2x2l	A	905	X	905	Y	905	0
P07949	2x2m	A	905	X	905	Y	905	0
P07949	2x2m	B	905	X	905	Y	905	0
P07949	4cki	A	900,905	X,X	900,905	Y,Y	900,905	0,0
P07949	4ckj	A	905	X	905	Y	905	0
P07949	5amn	A	900,905	X,X	900,905	Y,Y	900,905	0,0
P07949	5fm2	A	809,905,909,928	X,X,X,X	809,905,909,928	Y,Y,S,Y	809,905,909,928	0,0,0,0
P07949	5fm3	A	809,905,909,928	X,X,X,X	809,905,909,928	Y,Y,S,Y	809,905,909,928	0,0,0,0
P07949	6fek	A	900,905	X,X	900,905	Y,Y	900,905	0,0
P07949	6i82	A	928	X	928	Y	928	0
P07949	6i82	B	928	X	928	Y	928	0
P07949	6i83	A	905	X	905	Y	905	0
P07949	6ne7	A	900,905	X,X	900,905	Y,Y	900,905	0,0
P07949	6nja	A	900,905	X,X	900,905	Y,Y	900,905	0,0
P07949	6vhg	A	905,928	X,X	905,928	Y,Y	905,928	0,0
P07949	7nzn	A	900,905	X,X	900,905	Y,Y	900,905	0,0
P07949	7run	A	809,905,909,928	X,X,X,X	809,905,909,928	Y,Y,S,Y	809,905,909,928	0,0,0,0
P07949	7run	B	809,905,909,928	X,X,X,X	809,905,909,928	Y,Y,S,Y	809,905,909,928	0,0,0,0
P08069	1k3a	A	1131,1135,1136	X,X,X	1131,1135,1136	Y,Y,Y	1161,1165,1166	0,0,0
P08069	2zm3	A	1161,1165,1166	X,X,X	1161,1165,1166	Y,Y,Y	1161,1165,1166	0,0,0
P08069	2zm3	B	1161,1165,1166	X,X,X	1161,1165,1166	Y,Y,Y	1161,1165,1166	0,0,0
P08069	2zm3	C	1161,1165,1166	X,X,X	1161,1165,1166	Y,Y,Y	1161,1165,1166	0,0,0
P08069	2zm3	D	1161,1165,1166	X,X,X	1161,1165,1166	Y,Y,Y	1161,1165,1166	0,0,0
P08069	3f5p	A	1161,1165,1166	X,X,X	1161,1165,1166	Y,Y,Y	1161,1165,1166	0,0,0
P08069	3f5p	B	1161,1165,1166	X,X,X	1161,1165,1166	Y,Y,Y	1161,1165,1166	0,0,0
P08069	3f5p	C	1161,1165,1166	X,X,X	1161,1165,1166	Y,Y,Y	1161,1165,1166	0,0,0
P08069	3f5p	D	1161,1165,1166	X,X,X	1161,1165,1166	Y,Y,Y	1161,1165,1166	0,0,0
P08069	3f5p	E	1161,1165,1166	X,X,X	1161,1165,1166	Y,Y,Y	1161,1165,1166	0,0,0
P08069	3f5p	F	1161,1165,1166	X,X,X	1161,1165,1166	Y,Y,Y	1161,1165,1166	0,0,0
P08069	3f5p	G	1161,1165,1166	X,X,X	1161,1165,1166	Y,Y,Y	1161,1165,1166	0,0,0
P08069	3f5p	H	1161,1165,1166	X,X,X	1161,1165,1166	Y,Y,Y	1161,1165,1166	0,0,0
P08069	3f5p	I	1161,1165,1166	X,X,X	1161,1165,1166	Y,Y,Y	1161,1165,1166	0,0,0
P08069	3f5p	J	1161,1165,1166	X,X,X	1161,1165,1166	Y,Y,Y	1161,1165,1166	0,0,0
P08069	3f5p	K	1161,1165,1166	X,X,X	1161,1165,1166	Y,Y,Y	1161,1165,1166	0,0,0
P08069	3f5p	L	1161,1165,1166	X,X,X	1161,1165,1166	Y,Y,Y	1161,1165,1166	0,0,0
P08069	3f5p	M	1161,1165,1166	X,X,X	1161,1165,1166	Y,Y,Y	1161,1165,1166	0,0,0
P08069	3f5p	R	1161,1165,1166	X,X,X	1161,1165,1166	Y,Y,Y	1161,1165,1166	0,0,0
P08069	3f5p	S	1161,1165,1166	X,X,X	1161,1165,1166	Y,Y,Y	1161,1165,1166	0,0,0
P08069	3f5p	T	1161,1165,1166	X,X,X	1161,1165,1166	Y,Y,Y	1161,1165,1166	0,0,0
P08559	3exh	C	264	X	264	S	293	0
P08559	3exh	G	264	X	264	S	293	0
P08581	3q6w	A	1234,1235	X,X	1234,1235	Y,Y	1234,1235	4,4
P08581	3r7o	A	1234,1235	X,X	1234,1235	Y,Y	1234,1235	4,4
P08581	4iwd	A	1234,1235	X,X	1234,1235	Y,Y	1234,1235	4,4
P08631	1ad5	A	527	X	527	Y	522	0
P08631	1ad5	B	527	X	527	Y	522	0
P08631	1qcf	A	527	X	527	Y	522	0
P08631	2c0i	A	501	X	501	Y	522	0
P08631	2c0i	B	501	X	501	Y	522	0
P08631	2c0o	A	501	X	501	Y	522	0
P08631	2c0o	B	501	X	501	Y	522	0
P08631	2c0t	A	501	X	501	Y	522	0
P08631	2c0t	B	501	X	501	Y	522	0
P08631	2hck	A	527	X	527	Y	522	0
P08631	2hck	B	527	X	527	Y	522	0
P08631	3vry	A	527	X	527	Y	522	0
P08631	3vry	B	527	X	527	Y	522	0
P08631	3vrz	A	527	X	527	Y	522	0
P08631	3vrz	B	527	X	527	Y	522	0
P08631	3vs0	A	527	X	527	Y	522	0
P08631	3vs0	B	527	X	527	Y	522	0
P08631	3vs1	A	527	X	527	Y	522	0
P08631	3vs1	B	527	X	527	Y	522	0
P08631	3vs2	A	527	X	527	Y	522	0
P08631	3vs2	B	527	X	527	Y	522	0
P08631	3vs3	A	527	X	527	Y	522	0
P08631	3vs3	B	527	X	527	Y	522	0
P08631	3vs4	A	527	X	527	Y	522	0
P08631	3vs4	B	527	X	527	Y	522	0
P08631	3vs5	A	527	X	527	Y	522	0
P08631	3vs5	B	527	X	527	Y	522	0
P08631	3vs6	A	527	X	527	Y	522	0
P08631	3vs6	B	527	X	527	Y	522	0
P08631	3vs7	A	527	X	527	Y	522	0
P08631	3vs7	B	527	X	527	Y	522	0
P08631	4lud	A	527	X	527	Y	522	0
P08631	4lud	B	527	X	527	Y	522	2
P08631	4lue	A	527	X	527	Y	522	1
P08631	4lue	B	527	X	527	Y	522	1
P08631	5h09	A	527	X	527	Y	522	0
P08631	5h0b	A	527	X	527	Y	522	0
P08631	5h0e	A	527	X	527	Y	522	0
P08631	5h0g	A	527	X	527	Y	522	0
P08631	5h0h	A	527	X	527	Y	522	0
P09803	1i7w	B	684,686,692	X,X,X	684,686,692	S,S,S	840,842,848	0,2,8
P09803	1i7w	D	684,686,692	X,X,X	684,686,692	S,S,S	840,842,848	0,2,8
P09803	3ifq	C	684,686,692	X,X,X	684,686,692	S,S,S	840,842,848	0,0,5
P09803	3ifq	D	684,686,692	X,X,X	684,686,692	S,S,S	840,842,848	0,1,3
P0CG47	6glc	B	65	X	65	S	217	0
P0CG48	5oxh	A	65	X	65	S	673	0
P0CG48	6n13	A	65	X	65	S	673	0
P0DMV8	6fhk	A	66	X	66	T	66	0
P0DMV8	6fhk	B	66	X	66	T	66	0
P10721	1pkg	A	568,570	X,X	568,570	Y,Y	568,570	9,7
P10721	1pkg	B	568,570	X,X	568,570	Y,Y	568,570	8,6
P10721	6itv	A	570	X,X	570,570	Y,Y	570,570	9,9
P11309	1yhs	A	261	X	261	S	261	0
P11309	1yi3	A	261	X	261	S	261	0
P11309	1yi4	A	261	X	261	S	261	0
P11309	2bik	B	261	X	261	S	261	0
P11309	2bzi	B	261	X	261	S	261	0
P11309	2obj	A	261	X	261	S	261	0
P11309	2xix	A	261,276	X,X	261,276	S,S	261,276	0,0
P11309	2xiy	A	261	X	261	S	261	0
P11309	2xiz	A	261	X	261	S	261	0
P11309	2xj1	A	261	X	261	S	261	0
P11309	2xj2	A	261	X	261	S	261	0
P11309	3bgp	A	261	X	261	S	261	0
P11309	3bgq	A	261	X	261	S	261	0
P11309	3bgz	A	261	X	261	S	261	0
P11309	3cy3	A	261	X	261	S	261	0
P11309	3dcv	A	261	X	261	S	261	0
P11309	3f2a	A	261	X	261	S	261	0
P11309	3ma3	A	261	X	261	S	261	0
P11309	3t9i	A	261	X	261	S	261	0
P11309	4a7c	A	261	X	261	S	261	0
P11309	4bzn	A	261	X	261	S	261	0
P11309	4bzo	A	261	X	261	S	261	0
P11309	4i41	A	261	X	261	S	261	0
P11309	4iaa	A	261	X	261	S	261	0
P11309	4n6y	A	261	X	261	S	261	0
P11309	4n6z	A	261	X	261	S	261	0
P11309	4n70	A	261	X	261	S	261	0
P11309	4rbl	A	261	X	261	S	261	0
P11309	4rc2	A	261	X	261	S	261	0
P11309	4rc3	A	261	X	261	S	261	0
P11309	4rc4	A	261	X	261	S	261	0
P11309	4xhk	B	261	X	261	S	261	0
P11309	5dwr	A	261	X	261	S	261	0
P11309	5iis	A	261	X	261	S	261	0
P11309	5n51	A	261	X	261	S	261	0
P11309	5n5l	A	261	X	261	S	261	0
P11309	5n5m	A	261	X	261	S	261	0
P11309	5o11	A	261	X	261	S	261	0
P11309	5o12	A	261	X	261	S	261	0
P11309	5o13	A	261	X	261	S	261	0
P11309	6kzi	A	261	X	261	S	261	0
P11309	6l11	A	261	X	261	S	261	0
P11309	6l12	A	261	X	261	S	261	0
P11309	6l13	A	261	X	261	S	261	0
P11309	6l14	A	261	X	261	S	261	0
P11309	6l15	A	261	X	261	S	261	0
P11309	6l16	A	261	X	261	S	261	0
P11309	6l17	A	261	X	261	S	261	0
P11309	6pdn	A	261	X	261	S	261	0
P11309	6ykd	A	261	X	261	S	261	0
P11309	7qb2	A	261	X	261	S	261	0
P11309	7qfm	A	261	X	261	S	261	0
P11309	7xsv	A	261	X	261	S	261	0
P11309	7z6u	A	261	X	261	S	261	0
P11309	7zun	A	261	X	261	S	261	0
P11309	8afr	A	261	X	261	S	261	0
P11309	8r10	A	261	X	261	S	261	0
P11309	8r18	A	261	X	261	S	261	0
P11309	8r1n	A	261	X	261	S	261	0
P11309	8r1p	A	261	X	261	S	261	0
P11309	8r1t	A	261	X	261	S	261	0
P11362	3gqi	A	653,654,766	X,X,X	653,654,766	Y,Y,Y	653,654,766	0,0,4
P11387	1a31	A	723	X	723	Y	723	7
P11387	1k4s	A	723	X	723	Y	723	0
P11387	1k4t	A	723	X	723	Y	723	0
P11387	1nh3	A	723	X	723	Y	723	6
P11387	1rr8	C	723	X	723	Y	723	0
P11387	1rrj	A	723	X	723	Y	723	0
P11387	1sc7	A	723	X	723	Y	723	0
P11387	1seu	A	723	X	723	Y	723	0
P11387	1t8i	A	723	X	723	Y	723	0
P11387	1tl8	A	723	X	723	Y	723	0
P11802	7sj3	A	172	X	172	T	172	0
P12931	1fmk	A	527	X	527	Y	530	0
P12931	1ksw	A	527	X	527	Y	530	0
P12931	1yi6	A	335,416	X,X	335,416	Y,Y	338,419	0,0
P12931	1yi6	B	335,416	X,X	335,416	Y,Y	338,419	0,0
P12931	2h8h	A	527	X	527	Y	530	4
P12931	2src	A	527	X	527	Y	530	0
P12931	4k11	A	527	X	527	Y	530	0
P13807	7q0b	B	641	X	641	S	641	12
P13807	7q0b	C	641	X	641	S	641	12
P13807	7q0s	B	641	X	641	S	641	15
P13807	7q0s	C	641	X	641	S	641	15
P13807	7zbn	B	641	X	641	S	641	9
P13807	7zbn	D	641	X	641	S	641	9
P15056	6nyb	A	365,729	X,X	365,729	S,S	365,729	10,1
P15056	6q0j	A	729	X	729	S	729	6
P15056	6q0j	B	729	X	729	S	729	5
P15056	6q0k	A	729	X	729	S	729	2
P15056	6q0k	B	729	X	729	S	729	6
P15056	6q0t	A	729	X	729	S	729	7
P15056	6q0t	B	729	X	729	S	729	9
P15056	6u2h	C	729	X	729	S	729	2
P15056	6u2h	D	729	X	729	S	729	2
P15056	6uan	B	729	X	729	S	729	0
P15056	6uan	C	729	X	729	S	729	6
P15056	6xag	C	729	X	729	S	729	3
P15056	6xag	D	729	X	729	S	729	2
P15056	7mfd	A	365,729	X,X	365,729	S,S	365,729	10,1
P15056	7mfe	A	365,729	X,X	365,729	S,S	365,729	10,1
P15056	8dgs	A	365,729	X,X	365,729	S,S	365,729	10,1
P15056	8dgt	A	365,729	X,X	365,729	S,S	365,729	10,1
P15693	4kjd	A	92	X	92	S	112	0
P15693	4kjd	B	92	X	92	S	112	0
P17612	4wb7	A	194,252,393	X,X,X	194,252,393	S,T,S	140,198,339	0,0,0
P17612	4wb7	B	194,252,393	X,X,X	194,252,393	S,T,S	140,198,339	0,0,0
P17612	6byr	A	194,252,393	X,X,X	194,252,393	S,T,S	140,198,339	0,0,0
P17612	6byr	C	194,252,393	X,X,X	194,252,393	S,T,S	140,198,339	0,0,0
P17612	8fe2	A	194,252,393	X,X,X	194,252,393	S,T,S	140,198,339	0,0,0
P17612	8fe2	B	194,252,393	X,X,X	194,252,393	S,T,S	140,198,339	0,0,0
P17612	8fe5	A	194,252,393	X,X,X	194,252,393	S,T,S	140,198,339	0,0,0
P17612	8fe5	B	194,252,393	X,X,X	194,252,393	S,T,S	140,198,339	0,0,0
P17612	8fec	A	194,252,393	X,X,X	194,252,393	S,T,S	140,198,339	0,0,0
P17612	8fec	B	252,393	X,X	252,393	T,S	198,339	0,0
P19174	4ey0	A	783	X	783	Y	783	9
P19174	4ey0	B	783	X	783	Y	783	9
P19174	4ey0	C	783	X	783	Y	783	9
P19174	4ey0	D	783	X	783	Y	783	9
P19525	2a19	B	446	X	446	T	446	0
P19525	2a1a	B	446	X	446	T	446	0
P21675	4rgw	A	1105,1106	X,X	1105,1106	S,T	1105,1106	6,7
P21675	5fur	G	1105,1106	X,X,X,X	1105,1106,1105,1106	S,T,S,T	1105,1106,1105,1106	6,7,6,7
P21802	2pvf	A	586,656,657	X,X,X	586,656,657	Y,Y,Y	586,656,657	8,0,0
P21802	3cly	A	1656,1657	X,X	1656,1657	Y,Y	656,657	0,0
P21802	5eg3	A	769	X	769	Y	769	4
P21802	6agx	B	586,588,656,657	X,X,X,X	586,588,656,657	Y,Y,Y,Y	586,588,656,657	0,0,0,0
P21802	6agx	D	586,588,656,657	X,X,X,X	586,588,656,657	Y,Y,Y,Y	586,588,656,657	0,0,0,0
P21802	6lvk	A	561	X	561	Y	561	0
P21802	6lvk	B	561	X	561	Y	561	0
P21802	6v6q	A	656	X	656	Y	656	0
P21802	6v6q	B	656	X	656	Y	656	0
P21802	8e1x	A	561,586	X,X	561,586	Y,Y	561,586	0,0
P21802	8e1x	B	561,586	X,X	561,586	Y,Y	561,586	0,3
P21802	8h75	A	656	X	656	Y	656	0
P21802	8h75	B	656	X	656	Y	656	0
P22413	6wet	AaA	256	X	256	T	256	0
P22413	6wet	BaB	256	X	256	T	256	0
P22607	6lvm	A	577,647,648	X,X,X	577,647,648	Y,Y,Y	577,647,648	8,0,0
P22607	7dhl	A	577,647,648	X,X,X	577,647,648	Y,Y,Y	577,647,648	7,0,0
P22681	4a49	A	371	X	371	Y	371	0
P22681	4a4b	A	371	X	371	Y	371	0
P22681	4a4c	A	371	X	371	Y	371	0
P22681	5o76	A	371	X	371	Y	371	0
P22681	5o76	C	371	X	371	Y	371	0
P23443	3a62	A	252	X	252	T	252	9
P23443	3we4	A	252	X	252	T	252	3
P23443	3wf5	A	252	X	252	T	252	0
P23443	3wf6	A	252	X	252	T	252	0
P23443	3wf7	A	252	X	252	T	252	3
P23443	3wf8	A	252	X	252	T	252	0
P23443	3wf9	A	252	X	252	T	252	0
P23443	4l46	A	389	X	389	T	412	4
P23443	7n91	A	390,394	X,X	390,394	T,S	390,394	5,9
P23443	7n91	B	390,394	X,X	390,394	T,S	390,394	5,6
P23443	7n93	A	390,394	X,X	390,394	T,S	390,394	5,9
P23528	5hvk	B	3	X	3	S	3	0
P24941	1e9h	A	160	X	160	T	160	0
P24941	1e9h	C	160	X	160	T	160	0
P24941	1fq1	B	160	X	160	T	160	0
P24941	1gy3	A	160	X	160	T	160	0
P24941	1gy3	C	160	X	160	T	160	0
P24941	1h1p	A	160	X	160	T	160	0
P24941	1h1p	C	160	X	160	T	160	0
P24941	1h1q	A	160	X	160	T	160	0
P24941	1h1q	C	160	X	160	T	160	0
P24941	1h1r	A	160	X	160	T	160	0
P24941	1h1r	C	160	X	160	T	160	0
P24941	1h1s	A	160	X	160	T	160	0
P24941	1h1s	C	160	X	160	T	160	0
P24941	1h24	A	160	X	160	T	160	0
P24941	1h24	C	160	X	160	T	160	0
P24941	1h25	A	160	X	160	T	160	0
P24941	1h25	C	160	X	160	T	160	0
P24941	1h26	A	160	X	160	T	160	0
P24941	1h26	C	160	X	160	T	160	0
P24941	1h27	A	160	X	160	T	160	0
P24941	1h27	C	160	X	160	T	160	0
P24941	1h28	A	160	X	160	T	160	0
P24941	1h28	C	160	X	160	T	160	0
P24941	1jst	A	160	X	160	T	160	0
P24941	1jst	C	160	X	160	T	160	0
P24941	1jsu	A	160	X	160	T	160	0
P24941	1ogu	A	160	X	160	T	160	0
P24941	1ogu	C	160	X	160	T	160	0
P24941	1oi9	A	160	X	160	T	160	0
P24941	1oi9	C	160	X	160	T	160	0
P24941	1oiu	A	160	X	160	T	160	0
P24941	1oiu	C	160	X	160	T	160	0
P24941	1oiy	A	160	X	160	T	160	0
P24941	1oiy	C	160	X	160	T	160	0
P24941	1p5e	A	160	X	160	T	160	0
P24941	1p5e	C	160	X	160	T	160	0
P24941	1pkd	A	160	X	160	T	160	0
P24941	1pkd	C	160	X	160	T	160	0
P24941	1qmz	A	160	X	160	T	160	0
P24941	1qmz	C	160	X	160	T	160	0
P24941	1w98	A	160	X	160	T	160	0
P24941	2c6t	A	160	X	160	T	160	0
P24941	2c6t	C	160	X	160	T	160	0
P24941	2cch	A	160	X	160	T	160	0
P24941	2cch	C	160	X	160	T	160	0
P24941	2cci	A	160	X	160	T	160	0
P24941	2cci	C	160	X	160	T	160	0
P24941	2cjm	A	15,160	X,X	15,160	Y,T	15,160	0,0
P24941	2cjm	C	15,160	X,X	15,160	Y,T	15,160	0,0
P24941	2g9x	A	160	X	160	T	160	0
P24941	2g9x	C	160	X	160	T	160	0
P24941	2iw6	A	160	X	160	T	160	0
P24941	2iw6	C	160	X	160	T	160	0
P24941	2iw8	A	160	X	160	T	160	0
P24941	2iw8	C	160	X	160	T	160	0
P24941	2iw9	A	160	X	160	T	160	0
P24941	2iw9	C	160	X	160	T	160	0
P24941	2jgz	A	160	X	160	T	160	0
P24941	2uzb	A	160	X	160	T	160	0
P24941	2uzb	C	160	X	160	T	160	0
P24941	2uzd	A	160	X	160	T	160	0
P24941	2uzd	C	160	X	160	T	160	0
P24941	2uze	A	160	X	160	T	160	0
P24941	2uze	C	160	X	160	T	160	0
P24941	2uzl	A	160	X	160	T	160	0
P24941	2uzl	C	160	X	160	T	160	0
P24941	2wma	A	160	X	160	T	160	0
P24941	2wma	C	160	X	160	T	160	0
P24941	2wmb	A	160	X	160	T	160	0
P24941	2wmb	C	160	X	160	T	160	0
P24941	3bht	A	160	X	160	T	160	0
P24941	3bht	C	160	X	160	T	160	0
P24941	3bhu	A	160	X	160	T	160	0
P24941	3bhu	C	160	X	160	T	160	0
P24941	3bhv	A	160	X	160	T	160	0
P24941	3bhv	C	160	X	160	T	160	0
P24941	3ddp	A	160	X	160	T	160	0
P24941	3ddp	C	160	X	160	T	160	0
P24941	3ddq	A	160	X	160	T	160	0
P24941	3ddq	C	160	X	160	T	160	0
P24941	3dog	A	160	X	160	T	160	0
P24941	3dog	C	160	X	160	T	160	0
P24941	3my5	A	160	X	160	T	160	0
P24941	3my5	C	160	X	160	T	160	0
P24941	3qhr	A	160	X	160	T	160	0
P24941	3qhr	C	160	X	160	T	160	0
P24941	3qhw	A	160	X	160	T	160	0
P24941	3qhw	C	160	X	160	T	160	0
P24941	3tnw	A	160	X	160	T	160	0
P24941	3tnw	C	160	X	160	T	160	0
P24941	4bck	A	160	X	160	T	160	0
P24941	4bck	C	160	X	160	T	160	0
P24941	4bcm	A	160	X	160	T	160	0
P24941	4bcm	C	160	X	160	T	160	0
P24941	4bcn	A	160	X	160	T	160	0
P24941	4bcn	C	160	X	160	T	160	0
P24941	4bco	A	160	X	160	T	160	0
P24941	4bco	C	160	X	160	T	160	0
P24941	4bcp	A	160	X	160	T	160	0
P24941	4bcp	C	160	X	160	T	160	0
P24941	4bcq	A	160	X	160	T	160	0
P24941	4bcq	C	160	X	160	T	160	0
P24941	4cfm	A	160	X	160	T	160	0
P24941	4cfm	C	160	X	160	T	160	0
P24941	4cfn	A	160	X	160	T	160	0
P24941	4cfn	C	160	X	160	T	160	0
P24941	4cfu	A	160	X	160	T	160	0
P24941	4cfu	C	160	X	160	T	160	0
P24941	4cfv	A	160	X	160	T	160	0
P24941	4cfv	C	160	X	160	T	160	0
P24941	4cfw	A	160	X	160	T	160	0
P24941	4cfw	C	160	X	160	T	160	0
P24941	4cfx	A	160	X	160	T	160	0
P24941	4cfx	C	160	X	160	T	160	0
P24941	4eoi	A	160	X	160	T	160	0
P24941	4eoi	C	160	X	160	T	160	0
P24941	4eoj	A	160	X	160	T	160	0
P24941	4eoj	C	160	X	160	T	160	0
P24941	4eok	A	160	X	160	T	160	0
P24941	4eok	C	160	X	160	T	160	0
P24941	4eol	A	160	X	160	T	160	0
P24941	4eol	C	160	X	160	T	160	0
P24941	4eom	A	160	X	160	T	160	0
P24941	4eom	C	160	X	160	T	160	0
P24941	4eon	A	160	X	160	T	160	0
P24941	4eon	C	160	X	160	T	160	0
P24941	4eoo	A	160	X	160	T	160	0
P24941	4eoo	C	160	X	160	T	160	0
P24941	4eop	A	160	X	160	T	160	0
P24941	4eop	C	160	X	160	T	160	0
P24941	4eoq	A	160	X	160	T	160	0
P24941	4eoq	C	160	X	160	T	160	0
P24941	4eor	A	160	X	160	T	160	0
P24941	4eor	C	160	X	160	T	160	0
P24941	4eos	A	160	X	160	T	160	0
P24941	4eos	C	160	X	160	T	160	0
P24941	4i3z	A	160	X	160	T	160	0
P24941	4i3z	C	160	X	160	T	160	0
P24941	4ii5	A	160	X	160	T	160	0
P24941	4ii5	C	160	X	160	T	160	0
P24941	5cyi	A	160	X	160	T	160	0
P24941	5cyi	C	160	X	160	T	160	0
P24941	5l2w	A	160	X	160	T	160	0
P24941	5lmk	A	160	X	160	T	160	0
P24941	5lmk	C	160	X	160	T	160	0
P24941	5nev	A	160	X	160	T	160	0
P24941	5nev	C	160	X	160	T	160	0
P24941	6ath	A	160	X	160	T	160	0
P24941	6gub	A	160	X	160	T	160	0
P24941	6gub	C	160	X	160	T	160	0
P24941	6guc	A	160	X	160	T	160	0
P24941	6guc	C	160	X	160	T	160	0
P24941	6gue	A	160	X	160	T	160	0
P24941	6gue	C	160	X	160	T	160	0
P24941	6guf	A	160	X	160	T	160	0
P24941	6guf	C	160	X	160	T	160	0
P24941	6gva	A	160	X	160	T	160	0
P24941	6rij	A	160	X	160	T	160	0
P24941	6rij	C	160	X	160	T	160	0
P24941	6sg4	A	160	X	160	T	160	0
P24941	6sg4	C	160	X	160	T	160	0
P24941	7ack	A	160	X	160	T	160	0
P24941	7ack	C	160	X	160	T	160	0
P24941	7b5l	L	160	X	160	T	160	2
P24941	7b5r	L	160	X	160	T	160	2
P24941	7b7s	A	160	X	160	T	160	0
P24941	7b7s	C	160	X	160	T	160	0
P24941	7kjs	A	160	X	160	T	160	0
P24941	7mkx	A	160	X	160	T	160	0
P24941	7mkx	C	160	X	160	T	160	0
P24941	7qhl	A	160	X	160	T	160	0
P24941	7qhl	C	160	X	160	T	160	0
P24941	8b54	A	160	X	160	T	160	0
P24941	8b54	C	160	X	160	T	160	0
P24941	8bya	A	159	X	159	Y	159	0
P24941	8bzo	A	160	X	160	T	160	0
P24941	8h6p	A	160	X	160	T	160	0
P24941	8h6t	A	160	X	160	T	160	0
P24941	8vq3	A	160	X	160	T	160	0
P24941	8vq4	A	160	X	160	T	160	3
P25054	1th1	C	1487,1504,1505,1507,1510	X,X,X,X,X	1487,1504,1505,1507,1510	T,S,S,S,S	1487,1504,1505,1507,1510	1,6,6,6,3
P25054	1th1	D	1487,1504,1505,1507,1510	X,X,X,X,X	1487,1504,1505,1507,1510	T,S,S,S,S	1487,1504,1505,1507,1510	1,7,7,7,4
P26361	1r0z	A	422,659,660,670	X,X,X,X	422,659,660,670	S,S,S,S	422,659,660,670	6,0,0,3
P26361	1r0z	B	422,659,660,670	X,X,X,X	422,659,660,670	S,S,S,S	422,659,660,670	7,0,0,3
P26361	1r0z	C	422,659,660,670	X,X,X,X	422,659,660,670	S,S,S,S	422,659,660,670	6,0,0,3
P27361	2zoq	A	204	X	204	Y	204	0
P27361	2zoq	B	204	X	204	Y	204	0
P27577	2kmd	A	38,41	X,X	38,41	T,S	38,41	0,0
P28482	4iza	A	185,187	X,X	185,187	T,Y	185,187	0,0
P28482	5v60	A	185,187	X,X	185,187	T,Y	185,187	0,0
P28482	5v61	A	185,187	X,X	185,187	T,Y	185,187	0,0
P28482	5v62	A	185,187	X,X	185,187	T,Y	185,187	0,0
P28482	6opg	A	183,185	X,X	183,185	T,Y	185,187	0,0
P28482	6oph	A	183,185	X,X	183,185	T,Y	185,187	0,0
P28482	7opm	A	185,187	X,X	185,187	T,Y	185,187	0,0
P28482	8u8j	A	183,185	X,X	183,185	T,Y	185,187	0,0
P28482	8u8k	A	183,185	X,X	183,185	T,Y	185,187	0,0
P29317	4trl	A	772	X	772	Y	772	1
P29320	2qo7	A	701	X	701	Y	701	0
P29320	2qob	A	701	X	701	Y	701	0
P29320	2qon	A	701	X	701	Y	701	0
P29320	2qoq	A	701	X	701	Y	701	0
P29322	3kul	B	793	X	793	Y	793	1
P29597	3lxn	A	1054	X	1054	Y	1054	3
P29597	3lxp	A	1054	X	1054	Y	1054	3
P29597	4py1	A	1054	X	1054	Y	1054	0
P29597	6dbk	A	1054	X	1054	Y	1054	0
P29597	6dbm	A	1054	X	1054	Y	1054	3
P29597	6vns	A	1054	X	1054	Y	1054	0
P29597	6vnv	A	1054	X	1054	Y	1054	0
P29597	6vnx	A	1054	X	1054	Y	1054	0
P29597	6vny	A	1054	X	1054	Y	1054	3
P29597	6x8f	A	1054	X	1054	Y	1054	0
P29597	6x8f	C	1054	X	1054	Y	1054	0
P29597	6x8g	A	1054	X	1054	Y	1054	2
P29597	7uyr	A	1054,1055	X,X	1054,1055	Y,Y	1054,1055	6,6
P29597	7uys	A	1054,1055	X,X	1054,1055	Y,Y	1054,1055	4,4
P29597	7uyt	A	1054,1055	X,X	1054,1055	Y,Y	1054,1055	2,2
P29597	7uyu	A	1054,1055	X,X	1054,1055	Y,Y	1054,1055	7,7
P30518	7r0c	A	357,359,360,362,363,364	X,X,X,X,X,X	357,359,360,362,363,364	S,T,T,S,S,S	357,359,360,362,363,364	9,8,8,7,6,5
P31324	3tnq	A	112	X	112	S	112	3
P31324	4wbb	A	112	X	112	S	112	3
P31749	3cqu	A	308	X	308	T	308	0
P31749	3cqw	A	308	X	308	T	308	0
P31749	3mv5	A	308	X	308	T	308	0
P31749	3mvh	A	308	X	308	T	308	0
P31749	3ocb	A	308	X	308	T	308	0
P31749	3ocb	B	308	X	308	T	308	0
P31749	3ow4	A	308	X	308	T	308	0
P31749	3ow4	B	308	X	308	T	308	0
P31749	3qkk	A	308	X	308	T	308	0
P31749	3qkl	A	308	X	308	T	308	0
P31749	3qkm	A	308	X	308	T	308	0
P31749	4ekk	A	308	X	308	T	308	0
P31749	4ekk	B	308	X	308	T	308	0
P31749	4ekl	A	308	X	308	T	308	0
P31749	4gv1	A	308	X	308	T	308	0
P31749	6buu	A	308,473,477	X,X,X	308,473,477	T,S,S	308,473,477	0,2,2
P31749	6buu	B	308,473,477	X,X,X	308,473,477	T,S,S	308,473,477	0,4,3
P31749	6ccy	A	308	X	308	T	308	0
P31749	6npz	A	308,473,477	X,X,X	308,473,477	T,S,S	308,473,477	0,4,2
P31749	6npz	B	308,473,477	X,X,X	308,473,477	T,S,S	308,473,477	0,4,3
P31751	1o6k	A	309	X	309	T	309	0
P31751	1o6l	A	309	X	309	T	309	0
P31751	2jdo	A	309	X	309	T	309	0
P31751	2jdr	A	309	X	309	T	309	0
P31751	2uw9	A	309	X	309	T	309	0
P31751	2x39	A	309	X	309	T	309	0
P31751	2xh5	A	309	X	309	T	309	0
P31751	3d0e	A	309,451	X,X	309,451	T,T	309,451	0,7
P31751	3d0e	B	309,451	X,X	309,451	T,T	309,451	0,7
P31751	3e87	A	309,451	X,X	309,451	T,T	309,451	0,8
P31751	3e87	B	309,451	X,X	309,451	T,T	309,451	0,8
P31751	3e88	A	309,451	X,X	309,451	T,T	309,451	0,10
P31751	3e88	B	309,451	X,X	309,451	T,T	309,451	0,10
P33981	3h9f	A	675,676,677	X,X,X	675,676,677	T,T,S	675,676,677	7,7,7
P33981	4c4e	A	686	X	686	T	686	7
P33981	4c4f	A	686	X	686	T	686	7
P33981	4c4g	A	686	X	686	T	686	8
P33981	4c4j	A	686	X	686	T	686	8
P33981	4cv9	A	686	X	686	T	686	8
P33981	4cva	A	686	X	686	T	686	8
P33981	4js8	A	675,686	X,X	675,686	T,T	675,686	8,8
P33981	4o6l	A	675,676,677	X,X,X	675,676,677	T,T,S	675,676,677	8,8,8
P33981	5ap0	A	686	X	686	T	686	7
P33981	5ap1	A	675,676,677,686	X,X,X,X	675,676,677,686	T,T,S,T	675,676,677,686	2,2,2,2
P33981	5ap3	A	686	X	686	T	686	6
P33981	5ap4	A	686	X	686	T	686	7
P33981	5n7v	A	686	X	686	T	686	6
P33981	5n87	A	686	X	686	T	686	7
P33981	5n93	A	686	X	686	T	686	8
P33981	5n9s	A	686	X	686	T	686	5
P33981	5na0	A	686	X	686	T	686	8
P33981	5nad	A	686	X	686	T	686	10
P33981	5ntt	A	686	X	686	T	686	0
P33981	6tnb	A	686	X	686	T	686	9
P33981	6tnc	A	686	X	686	T	686	8
P33981	7chm	A	675,686	X,X	675,686	T,T	675,686	8,8
P33981	7chn	A	675,676,677,686	X,X,X,X	675,676,677,686	T,T,S,T	675,676,677,686	4,4,4,4
P33981	7cht	A	675,676,677,686	X,X,X,X	675,676,677,686	T,T,S,T	675,676,677,686	7,7,7,7
P33981	7cil	A	686	X	686	T	686	8
P35557	3qic	A	411	X	411	S	411	0
P35968	1ywn	A	1052,1057	X,X	1052,1057	Y,Y	1054,1059	6,4
P35968	2oh4	A	1052,1057	X,X	1052,1057	Y,Y	1054,1059	0,0
P35968	3c7q	A	1054,1059	X,X	1054,1059	Y,Y	1054,1059	4,3
P36871	5jn5	A	117	X	117	S	117	0
P36871	5jn5	B	117	X	117	S	117	0
P36871	5tr2	A	117	X	117	S	117	0
P36871	5tr2	B	117	X	117	S	117	0
P36871	5vbi	A	117	X	117	S	117	0
P36871	5vbi	B	117	X	117	S	117	0
P36871	5vg7	A	117	X	117	S	117	0
P36871	6sno	A	135	X	135	S	117	0
P36871	6snq	A	135	X	135	S	117	0
P37840	6l1t	A	39	X	39	Y	39	0
P37840	6l1t	B	39	X	39	Y	39	0
P37840	6l1t	C	39	X	39	Y	39	0
P37840	6l1t	D	39	X	39	Y	39	0
P37840	6l1t	E	39	X	39	Y	39	0
P37840	6l1t	F	39	X	39	Y	39	0
P37840	6l1t	G	39	X	39	Y	39	0
P37840	6l1t	H	39	X	39	Y	39	0
P37840	6l1t	I	39	X	39	Y	39	0
P37840	6l1t	J	39	X	39	Y	39	0
P37840	6l1u	A	39	X	39	Y	39	0
P37840	6l1u	B	39	X	39	Y	39	0
P37840	6l1u	C	39	X	39	Y	39	0
P37840	6l1u	D	39	X	39	Y	39	0
P37840	6l1u	E	39	X	39	Y	39	0
P37840	6l1u	F	39	X	39	Y	39	0
P37840	6l1u	G	39	X	39	Y	39	0
P37840	6l1u	H	39	X	39	Y	39	0
P37840	6l1u	I	39	X	39	Y	39	0
P37840	6l1u	J	39	X	39	Y	39	0
P37840	6l1u	K	39	X	39	Y	39	0
P37840	6l1u	L	39	X	39	Y	39	0
P37840	6l1u	M	39	X	39	Y	39	0
P37840	6l1u	N	39	X	39	Y	39	0
P37840	6l1u	O	39	X	39	Y	39	0
P40763	6qhd	A	705	X	705	Y	705	8
P40763	6qhd	B	705	X	705	Y	705	8
P42227	1bg1	A	705	X	705	Y	705	7
P42336	5sw8	A	790	X	790	S	790	0
P42336	5swg	A	790	X	790	S	790	0
P42336	5swo	A	790	X	790	S	790	0
P42336	5swp	A	7,790	X,X	7,790	S,S	7,790	0,0
P42336	5swr	A	7,790	X,X	7,790	S,S	7,790	0,0
P42336	5swt	A	7,790	X,X	7,790	S,S	7,790	0,0
P42336	5sx8	A	790	X	790	S	790	0
P42336	5sx9	A	790	X	790	S	790	0
P42336	5sxa	A	7,158,790	X,X,X	7,158,790	S,S,S	7,158,790	4,0,0
P42336	5sxb	A	7,790	X,X	7,790	S,S	7,790	0,0
P42336	5sxc	A	7,790	X,X	7,790	S,S	7,790	1,0
P42336	5sxd	A	7,790	X,X	7,790	S,S	7,790	0,0
P42336	5sxe	A	7,790	X,X	7,790	S,S	7,790	0,0
P42336	5sxf	A	790	X	790	S	790	0
P42336	5sxi	A	7,790	X,X	7,790	S,S	7,790	4,0
P42336	5sxj	A	7,158,790	X,X,X	7,158,790	S,S,S	7,158,790	3,0,0
P42336	5sxk	A	790	X	790	S	790	0
P42684	5np5	A	70,115	X,X	70,115	Y,Y	116,161	0,0
P42684	5np5	B	70,115	X,X	70,115	Y,Y	116,161	0,0
P43405	3srv	A	525	X	525	Y	525	0
P43405	4yjq	A	525,526	X,X	525,526	Y,Y	525,526	0,0
P43405	4yjr	A	525,526	X,X	525,526	Y,Y	525,526	0,0
P43405	4yjt	A	525,526	X,X	525,526	Y,Y	525,526	0,0
P43405	4yju	A	525,526	X,X	525,526	Y,Y	525,526	3,3
P43405	4yjv	A	525,526	X,X	525,526	Y,Y	525,526	0,0
P43405	5c26	A	525,526	X,X	525,526	Y,Y	525,526	0,0
P43405	5c27	A	525,526	X,X	525,526	Y,Y	525,526	0,0
P43405	5lma	A	525	X	525	Y	525	2
P43405	5lmb	A	525	X	525	Y	525	0
P43405	5lmb	B	525	X	525	Y	525	5
P43405	6hm6	A	525	X	525	Y	525	2
P43405	6hm7	A	525	X	525	Y	525	3
P43405	8rrq	A	525,526	X,X	525,526	Y,Y	525,526	2,2
P43405	8rrz	A	525,526	X,X	525,526	Y,Y	525,526	4,4
P46108	2dvj	A	221	X	221	Y	221	0
P46109	2lqw	A	207	X	207	Y	207	0
P46527	6p8f	C	74	X	74	Y	74	5
P46527	7b5l	P	187	X	187	T	187	11
P46527	7b5m	P	187	X	187	T	187	11
P46527	7b5r	P	187	X	187	T	187	11
P46527	8byl	D	4187	X	4187	T	187	7
P47811	3py3	A	180,182	X,X	180,182	T,Y	180,182	0,0
P47811	5nzz	E	180,182	X,X	180,182	T,Y	180,182	0,0
P47811	5nzz	F	180,182	X,X	180,182	T,Y	180,182	0,0
P47811	5nzz	G	180,182	X,X	180,182	T,Y	180,182	0,0
P47811	5nzz	H	180,182	X,X	180,182	T,Y	180,182	0,0
P48730	5okt	A	220	X	220	T	220	0
P48730	5okt	B	220	X	220	T	220	0
P48730	6f1w	A	220	X	220	T	220	0
P48730	7nzy	A	220	X	220	T	220	0
P48730	7nzy	B	220	X	220	T	220	0
P48730	7p7f	A	220	X	220	T	220	0
P48730	7p7f	B	220	X	220	T	220	0
P48730	7p7f	C	220	X	220	T	220	0
P48730	7p7f	D	220	X	220	T	220	0
P48730	7p7g	A	220	X	220	T	220	0
P48730	7p7g	B	220	X	220	T	220	2
P49759	2vag	A	341,342	X,X	341,342	S,T	341,342	0,0
P49759	6g33	A	341,342	X,X	341,342	S,T	341,342	0,0
P49759	6tw2	E	341,342	X,S,X,T	341,341,342,342	S,S,T,T	341,341,342,342	0,0,0,0
P49841	1gng	A	216	X	216	Y	216	0
P49841	1gng	B	216	X	216	Y	216	0
P49841	1o9u	A	216	X	216	Y	216	0
P49841	2ow3	A	216	X	216	Y	216	0
P49841	2ow3	B	216	X	216	Y	216	0
P49841	3f7z	A	216	X	216	Y	216	0
P49841	3f7z	B	216	X	216	Y	216	0
P49841	3f88	A	216	X	216	Y	216	0
P49841	3f88	B	216	X	216	Y	216	0
P49841	3gb2	A	216	X	216	Y	216	0
P49841	3say	A	216	X	216	Y	216	0
P49841	3say	B	216	X	216	Y	216	0
P49841	3zdi	A	216	X	216	Y	216	0
P49841	3zrk	A	216	X	216	Y	216	0
P49841	3zrk	B	216	X	216	Y	216	0
P49841	3zrl	A	216	X	216	Y	216	0
P49841	3zrl	B	216	X	216	Y	216	0
P49841	3zrm	A	216	X	216	Y	216	0
P49841	3zrm	B	216	X	216	Y	216	0
P49841	4afj	A	216	X	216	Y	216	0
P49841	4afj	B	216	X	216	Y	216	0
P49841	4dit	A	216	X	216	Y	216	4
P49841	4j1r	A	216	X	216	Y	216	0
P49841	4j1r	B	216	X	216	Y	216	0
P49841	4j1r	C	216	X	216	Y	216	0
P49841	4j1r	D	216	X	216	Y	216	0
P49841	4j71	A	216	X	216	Y	216	0
P49841	4j71	B	216	X	216	Y	216	0
P49841	4nm3	A	9	X	9	S	9	14
P49841	5hln	A	216	X	216	Y	216	0
P49841	5hln	B	216	X	216	Y	216	0
P49841	5hlp	A	216,277	X,X	216,277	Y,T	216,277	0,0
P49841	5hlp	B	216,277	X,X	216,277	Y,T	216,277	0,0
P49841	5k5n	A	216	X	216	Y	216	0
P49841	5k5n	B	216	X	216	Y	216	0
P49841	5kpk	A	216	X	216	Y	216	0
P49841	5kpk	B	216	X	216	Y	216	0
P49841	5kpl	A	216	X	216	Y	216	0
P49841	5kpl	B	216	X	216	Y	216	0
P49841	5kpm	A	216	X	216	Y	216	0
P49841	5kpm	B	216	X	216	Y	216	0
P49841	5oy4	A	216	X	216	Y	216	0
P49841	5oy4	B	216	X	216	Y	216	0
P49841	5t31	A	216	X	216	Y	216	0
P49841	5t31	B	216	X	216	Y	216	0
P49841	6b8j	A	216	X	216	Y	216	0
P49841	6gn1	A	216	X	216	Y	216	0
P49841	6gn1	B	216	X	216	Y	216	0
P49841	6hk3	A	216	X	216	Y	216	0
P49841	6hk3	B	216	X	216	Y	216	0
P49841	6hk4	A	216	X	216	Y	216	0
P49841	6hk4	B	216	X	216	Y	216	0
P49841	6hk7	A	216	X	216	Y	216	0
P49841	6tcu	A	216	X	216	Y	216	0
P49841	6v6l	A	216	X	216	Y	216	0
P49841	6y9r	A	216	X	216	Y	216	0
P49841	6y9s	A	216	X	216	Y	216	0
P49841	6y9s	B	216	X	216	Y	216	0
P49841	7b6f	A	216	X	216	Y	216	0
P49841	7sxh	A	216	X	216	Y	216	0
P49841	7sxj	A	216	X	216	Y	216	0
P49841	7z1f	A	216	X	216	Y	216	0
P49841	7z1f	B	216	X	216	Y	216	0
P49841	8auz	A	216	X	216	Y	216	0
P49841	8auz	B	216	X	216	Y	216	0
P49841	8av1	A	216	X	216	Y	216	0
P49841	8av1	B	216	X	216	Y	216	0
P50613	1ua2	A	170	X	170	T	170	0
P50613	1ua2	B	170	X	170	T	170	0
P50613	1ua2	C	170	X	170	T	170	0
P50613	1ua2	D	170	X	170	T	170	0
P50613	6xbz	J	164	X	164	S	164	0
P50613	6xd3	J	164	X	164	S	164	0
P50613	8pyr	A	164,170	X,X	164,170	S,T	164,170	0,0
P50613	8pyr	E	164,170	X,X	164,170	S,T	164,170	0,0
P52333	1yvj	A	980,981	X,X	980,981	Y,Y	980,981	0,0
P52333	3zc6	A	980,981	X,X	980,981	Y,Y	980,981	4,4
P52333	3zc6	B	980,981	X,X	980,981	Y,Y	980,981	4,4
P52333	3zc6	C	980,981	X,X	980,981	Y,Y	980,981	4,4
P52333	3zc6	D	980,981	X,X	980,981	Y,Y	980,981	5,5
P52333	3zep	A	980,981	X,X	980,981	Y,Y	980,981	0,0
P52333	3zep	B	980,981	X,X	980,981	Y,Y	980,981	4,4
P52333	3zep	C	980,981	X,X	980,981	Y,Y	980,981	2,2
P52333	3zep	D	980,981	X,X	980,981	Y,Y	980,981	3,3
P52333	4v0g	A	980,981	X,X	980,981	Y,Y	980,981	4,4
P52333	4v0g	B	980,981	X,X	980,981	Y,Y	980,981	5,5
P52333	4z16	A	980,981	X,X	980,981	Y,Y	980,981	5,5
P52333	4z16	B	980,981	X,X	980,981	Y,Y	980,981	0,0
P52333	4z16	C	980,981	X,X	980,981	Y,Y	980,981	5,5
P52333	4z16	D	980,981	X,X	980,981	Y,Y	980,981	5,5
P52333	5w86	A	980,981	X,X	980,981	Y,Y	980,981	5,5
P52333	5w86	B	980,981	X,X	980,981	Y,Y	980,981	5,5
P52333	5w86	C	980,981	X,X	980,981	Y,Y	980,981	6,6
P52333	5w86	D	980,981	X,X	980,981	Y,Y	980,981	5,5
P52333	6aak	A	980,981	X,X	980,981	Y,Y	980,981	0,0
P52333	6aak	B	980,981	X,X	980,981	Y,Y	980,981	0,0
P52333	6aak	C	980,981	X,X	980,981	Y,Y	980,981	0,0
P52333	6aak	D	980,981	X,X	980,981	Y,Y	980,981	5,5
P52333	6hzv	A	980,981	X,X	980,981	Y,Y	980,981	5,5
P52333	6hzv	B	980,981	X,X	980,981	Y,Y	980,981	6,6
P52333	6hzv	C	980,981	X,X	980,981	Y,Y	980,981	5,5
P52333	6hzv	D	980,981	X,X	980,981	Y,Y	980,981	5,5
P52333	7c3n	A	980,981	X,X	980,981	Y,Y	980,981	0,0
P52333	7uyv	A	980,981	X,X	980,981	Y,Y	980,981	0,0
P52333	7uyv	B	980,981	X,X	980,981	Y,Y	980,981	0,0
P52333	7uyv	C	980,981	X,X	980,981	Y,Y	980,981	0,0
P52333	7uyv	D	980,981	X,X	980,981	Y,Y	980,981	5,5
P53667	5hvk	A	508	X	508	T	508	3
P53667	5hvk	C	508	X	508	T	508	3
P53778	1cm8	A	183,185	X,X	183,185	T,Y	183,185	0,0
P53778	1cm8	B	1183,1185	X,X	1183,1185	T,Y	183,185	0,0
P54274	8ox1	M	434,435,437	X,X,X	434,435,437	S,S,S	434,435,437	0,0,0
P54645	6e4t	A	172	X	172	T	183	0
P54645	6e4u	A	172	X	172	T	183	0
P54645	6e4w	A	172	X	172	T	183	0
P54646	4cfe	A	172	X	172	T	172	0
P54646	4cfe	C	172	X	172	T	172	0
P54646	4cff	A	172	X	172	T	172	0
P54646	4cff	C	172	X	172	T	172	0
P54646	4zhx	A	172	X	172	T	172	0
P54646	4zhx	C	172	X	172	T	172	0
P54646	5ezv	A	172	X,X	172,172	T,T	172,172	0,0
P54646	5ezv	C	172	X,X	172,172	T,T	172,172	0,0
P54646	6b1u	A	172	X	172	T	172	0
P54646	6b1u	C	172	X	172	T	172	0
P54646	6b2e	A	172	X	172	T	172	0
P54646	7myj	A	172	X	172	T	172	0
P54646	7myj	C	172	X	172	T	172	0
P54760	3zew	A	774	X	774	Y	774	6
P54762	5mja	A	647,778	X,X	647,778	Y,Y	647,778	0,11
P54762	5mja	B	647,778	X,X	647,778	Y,Y	647,778	0,6
P54762	5mjb	A	647,778	X,X	647,778	Y,Y	647,778	0,6
P54762	5mjb	B	647,778	X,X	647,778	Y,Y	647,778	0,3
P54762	6umw	A	647	X	647	Y	647	0
P54762	7kpl	A	647	X	647	Y	647	0
P54762	7kpm	A	647	X	647	Y	647	0
P61006	6rir	A	72	X	72	T	72	0
P61006	6rir	B	72	X	72	T	72	0
P61006	6stf	A	111	X	111	S	111	0
P61006	6stf	B	111	X	111	S	111	0
P61006	6stf	C	111	X	111	S	111	0
P61006	6stf	D	111	X	111	S	111	0
P61006	6stf	E	111	X	111	S	111	0
P61006	6stg	A	111	X	111	S	111	0
P61006	6stg	B	111	X	111	S	111	0
P61006	7lwb	A	72	X	72	T	72	0
P63086	2erk	A	183,185	X,X	183,185	T,Y	183,185	0,0
P63086	3zuv	A	183,185	X,X	183,185	T,Y	183,185	0,0
P63086	3zuv	C	183,185	X,X	183,185	T,Y	183,185	0,0
P63086	6opk	A	183,185	X,X	183,185	T,Y	183,185	0,0
P78527	7sgl	A	2609,2638,2645,2647	X,X,X,X	2609,2638,2645,2647	T,T,T,T	2609,2638,2645,2647	5,2,6,8
P78527	7sud	A	2609,2638,2645,2647	X,X,X,X	2609,2638,2645,2647	T,T,T,T	2609,2638,2645,2647	6,5,7,9
P80386	6e4t	B	108	X	108	S	108	0
P80386	6e4u	B	108	X	108	S	108	0
P80386	6e4w	B	108	X	108	S	108	0
P84022	1u7f	A	423,425	X,X	423,425	S,S	423,425	0,0
P84022	1u7f	C	423,425	X,X	423,425	S,S	423,425	0,0
P84091	6owo	M	156	X	156	T	156	8
P84091	6oxl	M	156	X	156	T	156	9
Q06210	6r4e	A	243	X,X	243,243	S,S	261,261	7,7
Q06210	6r4e	B	243	X,X	243,243	S,S	261,261	8,8
Q06210	6r4h	A	243	X,X	243,243	S,S	261,261	6,6
Q06210	6r4h	B	243	X,X	243,243	S,S	261,261	8,8
Q06210	6svo	A	243	X,X	243,243	S,S	261,261	7,7
Q06210	6svo	B	243	X,X	243,243	S,S	261,261	8,8
Q06210	6zmk	A	243	X,X	243,243	S,S	261,261	8,8
Q06210	7ndl	A	243	X,X	243,243	S,S	261,261	7,7
Q07912	1u54	A	284	X	284	Y	284	1
Q07912	4ewh	A	284	X	284	Y	284	0
Q07912	4ewh	B	284	X	284	Y	284	0
Q07955	4c0o	C	201,207,209	X,X,X	201,207,209	S,S,S	201,207,209	0,6,8
Q07955	4c0o	D	201,207,209	X,X,X	201,207,209	S,S,S	201,207,209	0,6,8
Q13043	3com	A	177,183	X,X	177,183	T,T	177,183	0,0
Q13043	3com	B	177,183	X,X	177,183	T,T	177,183	0,0
Q13043	6yat	A	177,183	X,X	177,183	T,T	177,183	0,0
Q13043	6yat	B	177,183	X,X	177,183	T,T	177,183	0,0
Q13043	8a5j	A	276,282	X,X	276,282	T,T	177,183	0,0
Q13043	8a5j	B	276,282	X,X	276,282	T,T	177,183	0,0
Q13085	6g2i	A	1263	X	1263	S	1263	7
Q13085	6g2i	B	1263	X	1263	S	1263	7
Q13085	6g2i	C	1263	X	1263	S	1263	7
Q13085	6g2i	D	1263	X	1263	S	1263	7
Q13085	6g2i	E	1263	X	1263	S	1263	7
Q13085	6g2i	F	1263	X	1263	S	1263	7
Q13085	6g2i	J	1263	X	1263	S	1263	7
Q13085	6g2i	R	1263	X	1263	S	1263	7
Q13131	4rer	A	174	X	174	T	183	0
Q13131	6c9f	A	174	X	174	T	183	0
Q13131	6c9g	A	174	X	174	T	183	0
Q13131	6c9j	A	174	X	174	T	183	0
Q13131	7jij	A	174	X	174	T	183	0
Q13153	3fxz	A	423	X	423	T	423	0
Q13153	3fy0	A	423	X	423	T	423	0
Q13153	3q52	A	423	X	423	T	423	0
Q13153	3q53	A	423	X	423	T	423	0
Q13153	4daw	A	423	X	423	T	423	0
Q13153	4eqc	A	423	X	423	T	423	0
Q13153	4zlo	A	423	X	423	T	423	6
Q13153	4zlo	B	423	X	423	T	423	0
Q13153	5dfp	A	423	X	423	T	423	0
Q13153	7vto	A	423	X	423	T	423	0
Q13153	7vto	B	423	X	423	T	423	6
Q13153	8x5z	A	423	X	423	T	423	0
Q13188	5dh3	A	174,180	X,X	174,180	T,T	174,180	0,0
Q13188	5dh3	B	174,180	X,X	174,180	T,T	174,180	0,0
Q13188	8a66	A	282	X	282	T	180	1
Q13188	8a66	B	276,283,371	X,X,X	276,283,371	T,T,T	174,180,268	0,0,0
Q13191	2ldr	A	363	X	363	Y	363	0
Q13191	3zni	A	363	X	363	Y	363	0
Q13191	3zni	E	363	X	363	Y	363	0
Q13191	3zni	I	363	X	363	Y	363	0
Q13191	3zni	M	363	X	363	Y	363	0
Q13523	4ian	A	849	X	849	Y	849	0
Q13523	4ian	B	849	X	849	Y	849	0
Q13523	4ifc	A	849	X	849	Y	849	0
Q13523	4ifc	B	849	X	849	Y	849	0
Q13523	4iir	A	849	X	849	Y	849	0
Q13523	4iir	B	849	X	849	Y	849	0
Q13523	4ijp	A	849	X	849	Y	849	0
Q13523	4ijp	B	849	X	849	Y	849	0
Q13523	6pjj	A	849	X	849	Y	849	0
Q13523	6pjj	B	849	X	849	Y	849	0
Q13523	6pjj	C	849	X	849	Y	849	0
Q13523	6pjj	D	849	X	849	Y	849	3
Q13523	6pk6	A	849	X	849	Y	849	0
Q13573	5xjc	R	224,232	X,X	224,232	S,S	224,232	0,0
Q13573	5yzg	R	224,232	X,X	224,232	S,S	224,232	0,0
Q13573	6icz	R	224,232	X,X	224,232	S,S	224,232	0,0
Q13573	6id0	R	224,232	X,X	224,232	S,S	224,232	0,0
Q13573	6id1	R	224,232	X,X	224,232	S,S	224,232	0,0
Q13573	6qdv	K	224,232	X,X	224,232	S,S	224,232	0,0
Q13573	7w59	R	224,232	X,X	224,232	S,S	224,232	0,0
Q13573	7w5a	R	224,232	X,X	224,232	S,S	224,232	0,0
Q13573	7w5b	R	224,232	X,X	224,232	S,S	224,232	0,0
Q13573	8c6j	K	224,232	X,X	224,232	S,S	224,232	0,0
Q13627	2vx3	A	321	X	321	Y	321	0
Q13627	2vx3	B	321	X	321	Y	321	0
Q13627	2vx3	C	321	X	321	Y	321	0
Q13627	2vx3	D	321	X	321	Y	321	0
Q13627	2wo6	A	321	X	321	Y	321	0
Q13627	2wo6	B	321	X	321	Y	321	0
Q13627	3anq	A	321	X	321	Y	321	0
Q13627	3anq	B	321	X	321	Y	321	0
Q13627	3anq	C	321	X	321	Y	321	0
Q13627	3anq	D	321	X	321	Y	321	0
Q13627	3anr	A	321	X	321	Y	321	0
Q13627	3anr	B	321	X	321	Y	321	0
Q13627	3anr	C	321	X	321	Y	321	0
Q13627	3anr	D	321	X	321	Y	321	0
Q13627	4aze	A	301,321	X,X	301,321	S,Y	301,321	0,0
Q13627	4aze	B	301,321	X,X	301,321	S,Y	301,321	0,0
Q13627	4aze	C	301,321	X,X	301,321	S,Y	301,321	0,0
Q13627	4mq1	A	321	X	321	Y	321	0
Q13627	4mq1	B	321	X	321	Y	321	0
Q13627	4mq1	C	321	X	321	Y	321	0
Q13627	4mq1	D	321	X	321	Y	321	0
Q13627	4mq2	A	321	X	321	Y	321	0
Q13627	4mq2	B	321	X	321	Y	321	0
Q13627	4mq2	C	321	X	321	Y	321	0
Q13627	4mq2	D	321	X	321	Y	321	0
Q13627	4nct	A	321	X	321	Y	321	0
Q13627	4nct	B	321	X	321	Y	321	0
Q13627	4nct	C	301,321	X,X	301,321	S,Y	301,321	0,0
Q13627	4nct	D	321	X	321	Y	321	0
Q13627	4ylj	A	321	X	321	Y	321	0
Q13627	4ylj	B	321	X	321	Y	321	0
Q13627	4ylj	C	321	X	321	Y	321	0
Q13627	4ylj	D	321	X	321	Y	321	0
Q13627	4ylk	A	321	X	321	Y	321	0
Q13627	4yll	A	321	X	321	Y	321	0
Q13627	4yu2	A	321	X	321	Y	321	0
Q13627	4yu2	B	321	X	321	Y	321	0
Q13627	4yu2	C	321	X	321	Y	321	0
Q13627	4yu2	D	321	X	321	Y	321	0
Q13627	5a3x	A	321	X	321	Y	321	0
Q13627	5a3x	B	321	X	321	Y	321	0
Q13627	5a3x	C	321	X	321	Y	321	0
Q13627	5a3x	D	321	X	321	Y	321	0
Q13627	5a4e	A	321	X	321	Y	321	0
Q13627	5a4e	B	321	X	321	Y	321	0
Q13627	5a4e	C	321	X	321	Y	321	0
Q13627	5a4e	D	321	X	321	Y	321	0
Q13627	5a4l	A	321	X	321	Y	321	0
Q13627	5a4l	B	321	X	321	Y	321	0
Q13627	5a4l	C	321	X	321	Y	321	0
Q13627	5a4l	D	321	X	321	Y	321	0
Q13627	5a4q	A	321	X	321	Y	321	0
Q13627	5a4q	B	321	X	321	Y	321	0
Q13627	5a4q	C	321	X	321	Y	321	0
Q13627	5a4q	D	321	X	321	Y	321	0
Q13627	5a4t	A	321	X	321	Y	321	0
Q13627	5a4t	B	321	X	321	Y	321	0
Q13627	5a4t	C	321	X	321	Y	321	0
Q13627	5a4t	D	321	X	321	Y	321	0
Q13627	5a54	A	321	X	321	Y	321	0
Q13627	5a54	B	321	X	321	Y	321	0
Q13627	5a54	C	321	X	321	Y	321	0
Q13627	5a54	D	321	X	321	Y	321	0
Q13627	5aik	A	321	X	321	Y	321	0
Q13627	5aik	B	321	X	321	Y	321	0
Q13627	5aik	C	321	X	321	Y	321	0
Q13627	5aik	D	321	X	321	Y	321	0
Q13627	6a1f	A	321	X	321	Y	321	0
Q13627	6a1g	A	321	X	321	Y	321	0
Q13627	6a1g	B	321	X	321	Y	321	0
Q13627	6eif	A	321	X	321	Y	321	0
Q13627	6eif	B	321	X	321	Y	321	0
Q13627	6eif	C	321	X	321	Y	321	0
Q13627	6eif	D	321	X	321	Y	321	0
Q13627	6eij	A	321	X	321	Y	321	0
Q13627	6eij	B	321	X	321	Y	321	0
Q13627	6eij	C	321	X	321	Y	321	0
Q13627	6eij	D	321	X	321	Y	321	0
Q13627	6eil	A	321	X	321	Y	321	0
Q13627	6eil	B	321	X	321	Y	321	0
Q13627	6eil	C	321	X	321	Y	321	0
Q13627	6eil	D	321	X	321	Y	321	0
Q13627	6eip	A	321	X	321	Y	321	0
Q13627	6eip	B	321	X	321	Y	321	0
Q13627	6eip	C	321	X	321	Y	321	0
Q13627	6eip	D	321	X	321	Y	321	0
Q13627	6eiq	A	321	X	321	Y	321	0
Q13627	6eiq	B	321	X	321	Y	321	0
Q13627	6eiq	C	321	X	321	Y	321	0
Q13627	6eiq	D	321	X	321	Y	321	0
Q13627	6eir	A	321	X	321	Y	321	0
Q13627	6eir	B	321	X	321	Y	321	0
Q13627	6eir	C	321	X	321	Y	321	0
Q13627	6eir	D	321	X	321	Y	321	0
Q13627	6eis	A	321	X	321	Y	321	0
Q13627	6eis	B	321	X	321	Y	321	0
Q13627	6eis	C	321	X	321	Y	321	0
Q13627	6eis	D	321	X	321	Y	321	0
Q13627	6eiv	A	321	X	321	Y	321	0
Q13627	6eiv	B	321	X	321	Y	321	0
Q13627	6eiv	C	321	X	321	Y	321	0
Q13627	6eiv	D	321	X	321	Y	321	0
Q13627	6ej4	A	321	X	321	Y	321	0
Q13627	6ej4	B	321	X	321	Y	321	0
Q13627	6ej4	C	321	X	321	Y	321	0
Q13627	6ej4	D	321	X	321	Y	321	0
Q13627	6ln1	A	321	X,X	321,321	Y,Y	321,321	0,0
Q13627	6ln1	B	321	X,X	321,321	Y,Y	321,321	4,4
Q13627	6qu2	A	321	X	321	Y	321	0
Q13627	6qu2	B	321	X	321	Y	321	0
Q13627	6qu2	C	321	X	321	Y	321	0
Q13627	6qu2	D	321	X	321	Y	321	0
Q13627	6s11	A	321	X	321	Y	321	0
Q13627	6s11	B	321	X	321	Y	321	3
Q13627	6s14	A	321	X	321	Y	321	0
Q13627	6s17	A	321	X	321	Y	321	0
Q13627	6s1b	A	321	X	321	Y	321	0
Q13627	6s1h	A	321	X	321	Y	321	0
Q13627	6s1i	A	321	X	321	Y	321	0
Q13627	6s1i	B	321	X	321	Y	321	0
Q13627	6s1i	C	321	X	321	Y	321	1
Q13627	6s1i	D	321	X	321	Y	321	1
Q13627	6s1j	A	321	X	321	Y	321	0
Q13627	6t6a	A	321	X	321	Y	321	0
Q13627	6t6a	B	321	X	321	Y	321	0
Q13627	6t6a	C	321	X	321	Y	321	0
Q13627	6t6a	D	321	X	321	Y	321	0
Q13627	6uip	A	321	X	321	Y	321	0
Q13627	6uip	B	321	X	321	Y	321	0
Q13627	6uip	C	321	X	321	Y	321	8
Q13627	6uwy	A	321	X	321	Y	321	0
Q13627	6uwy	B	321	X	321	Y	321	0
Q13627	6uwy	C	321	X	321	Y	321	0
Q13627	6uwy	D	321	X	321	Y	321	0
Q13627	6yf8	A	321	X	321	Y	321	0
Q13627	6yf8	B	321	X	321	Y	321	0
Q13627	6yf8	C	321	X	321	Y	321	0
Q13627	6yf8	D	321	X	321	Y	321	0
Q13627	7a4o	A	321	X	321	Y	321	0
Q13627	7a4o	B	321	X	321	Y	321	0
Q13627	7a4w	A	321	X	321	Y	321	0
Q13627	7a4w	B	321	X	321	Y	321	0
Q13627	7a55	A	321	X	321	Y	321	0
Q13627	7a55	B	321	X	321	Y	321	0
Q13627	7a5b	A	321	X	321	Y	321	0
Q13627	7a5b	B	321	X	321	Y	321	0
Q13627	7fhs	A	321	X	321	Y	321	0
Q13627	7fhs	B	321	X	321	Y	321	0
Q13627	7fhs	C	321	X	321	Y	321	0
Q13627	7fhs	D	321	X	321	Y	321	0
Q13627	7fht	A	321	X	321	Y	321	0
Q13627	7fht	B	321	X	321	Y	321	0
Q13627	7fht	C	321	X	321	Y	321	0
Q13627	7fht	D	321	X	321	Y	321	0
Q13627	7o7k	A	321	X	321	Y	321	0
Q13627	7o7k	B	321	X	321	Y	321	0
Q13627	7oy6	C	321	X	321	Y	321	0
Q13627	7z5n	A	321	X	321	Y	321	0
Q13627	7z5n	B	321	X	321	Y	321	0
Q13627	7z5n	C	321	X	321	Y	321	0
Q13627	7z5n	D	321	X	321	Y	321	0
Q13627	7z5n	E	321	X	321	Y	321	0
Q13627	7z5n	F	321	X	321	Y	321	0
Q13627	7z5n	G	321	X	321	Y	321	0
Q13627	7z5n	H	321	X	321	Y	321	4
Q13627	7zh8	A	321	X	321	Y	321	0
Q13627	7zh8	B	321	X	321	Y	321	0
Q13627	7zh8	C	321	X	321	Y	321	0
Q13627	7zh8	D	321	X	321	Y	321	0
Q13627	8c3g	A	321	X	321	Y	321	0
Q13627	8c3g	B	321	X	321	Y	321	0
Q13627	8c3g	C	321	X	321	Y	321	0
Q13627	8c3g	D	321	X	321	Y	321	0
Q13627	8c3q	A	321	X	321	Y	321	0
Q13627	8c3q	B	321	X	321	Y	321	0
Q13627	8c3r	A	321	X	321	Y	321	0
Q13627	8c3r	B	321	X	321	Y	321	0
Q13882	6cz2	A	342	X	342	Y	342	0
Q14493	4qoz	C	171	X	171	T	171	0
Q14653	3a77	A	386,402	X,X	386,402	S,S	386,402	0,0
Q14653	3a77	B	386,402	X,X	386,402	S,S	386,402	0,0
Q14653	3a77	C	386,402	X,X	386,402	S,S	386,402	0,0
Q14653	3a77	D	386,402	X,X	386,402	S,S	386,402	0,0
Q14653	7jfl	A	386	X	386	S	386	0
Q14653	7jfl	B	386	X	386	S	386	0
Q14674	7nj0	A	1126	X	1126	S	1126	0
Q15022	7td5	C	583	X	583	S	583	0
Q15022	7td5	H	583	X	583	S	583	0
Q15393	7dvq	3	613	X	613	T	613	0
Q15393	8y7e	3	613	X	613	T	613	0
Q15637	4fxw	B	80,82	X,X	80,82	S,S	80,82	0,0
Q15637	4fxw	D	80,82	X,X	80,82	S,S	80,82	0,0
Q15796	1khx	A	465,467	X,X	465,467	S,S	465,467	0,0
Q15796	1u7v	A	465,467	X,X	465,467	S,S	465,467	0,0
Q15796	1u7v	C	465,467	X,X	465,467	S,S	465,467	0,0
Q15796	6zvq	A	465,467	X,X	465,467	S,S	465,467	0,0
Q16288	4ymj	A	706	X	706	S	706	3
Q16288	4ymj	B	706	X	706	S	706	0
Q16539	3nnx	A	182	X	182	Y	182	7
Q16539	4ewq	A	180	X	180	T	180	2
Q16539	6tca	B	180,182	X,X	180,182	T,Y	180,182	0,0
Q16539	6tca	D	180,182	X,X	180,182	T,Y	180,182	0,0
Q16539	6tca	F	180,182	X,X	180,182	T,Y	180,182	0,0
Q16539	6tca	H	180,182	X,X	180,182	T,Y	180,182	0,0
Q16539	6zqs	A	180,182	X,X	180,182	T,Y	180,182	0,0
Q16543	5fwk	E	13	X	13	S	13	0
Q16543	5fwl	E	13	X	13	S	13	0
Q16543	5fwm	E	13	X	13	S	13	0
Q16543	5fwp	E	13	X	13	S	13	0
Q16543	7z37	DP1	13	X	13	S	13	0
Q16543	7z38	D	13	X	13	S	13	0
Q16543	7zr0	C	13	X	13	S	13	0
Q16543	7zr5	C	13	X	13	S	13	0
Q16543	7zr6	C	13	X	13	S	13	0
Q16543	8gae	C	13	X	13	S	13	0
Q16543	8gft	C	13	X	13	S	13	0
Q16543	8u1l	D	13	X	13	S	13	0
Q16594	6f3t	F	8	X	8	S	8	0
Q16594	6f3t	H	8	X	8	S	8	0
Q16594	6f3t	J	8	X	8	S	8	0
Q16594	6f3t	L	8	X	8	S	8	0
Q3UP24	3jbl	A	533	X	533	S	533	0
Q3UP24	3jbl	B	533	X	533	S	533	0
Q3UP24	3jbl	C	533	X	533	S	533	0
Q3UP24	3jbl	D	533	X	533	S	533	0
Q3UP24	3jbl	E	533	X	533	S	533	0
Q3UP24	3jbl	F	533	X	533	S	533	0
Q3UP24	3jbl	G	533	X	533	S	533	0
Q3UP24	3jbl	H	533	X	533	S	533	0
Q3UP24	3jbl	I	533	X	533	S	533	0
Q3UP24	3jbl	J	533	X	533	S	533	0
Q3UP24	3jbl	K	533	X	533	S	533	0
Q3UP24	4kxf	B	533	X	533	S	533	0
Q3UP24	4kxf	D	533	X	533	S	533	8
Q3UP24	4kxf	F	533	X	533	S	533	7
Q3UP24	4kxf	H	533	X	533	S	533	8
Q3UP24	4kxf	K	533	X	533	S	533	2
Q3UP24	4kxf	L	533	X	533	S	533	3
Q3UP24	4kxf	N	533	X	533	S	533	9
Q5S007	6vno	A	1343	X	1343	T	1343	0
Q5S007	6vp6	A	1343	X	1343	T	1343	0
Q5S007	6vp7	A	1343	X	1343	T	1343	0
Q61686	2rvm	A	11,12,13,14	X,X,X,X	11,12,13,14	S,S,S,S	11,12,13,14	0,0,0,0
Q61686	2rvn	A	11,12,13,14	X,X,X,X	11,12,13,14	S,S,S,S	11,12,13,14	0,0,0,0
Q64610	5dlt	A	209	X	209	T	209	0
Q6ZS72	8dp5	E	69	X	69	S	69	13
Q6ZS72	8dp5	P	69	X	69	S	69	14
Q7Z4H3	4l1j	B	10	X	10	S	10	5
Q7Z4H3	4l7e	B	10	X	10	S	10	6
Q8IY92	7tuj	A	1544,1561,1571	X,X,X	1544,1561,1571	T,T,T	1544,1561,1571	0,0,0
Q92630	3k2l	A	159,308,309,369,385	X,X,X,X,X	159,308,309,369,385	S,T,Y,S,S	232,381,382,442,458	0,0,0,0,0
Q92630	5lxc	A	309	X	309	Y	382	0
Q92630	5lxc	B	309	X	309	Y	382	0
Q92630	5lxd	A	309	X	309	Y	382	0
Q92630	5lxd	B	309	X	309	Y	382	0
Q92630	5ztn	A	309,385	X,X	309,385	Y,S	382,458	0,0
Q92630	5ztn	B	309,385	X,X	309,385	Y,S	382,458	0,0
Q92630	6hdp	A	309,385	X,X	309,385	Y,S	382,458	0,0
Q92630	6k0j	A	382,458	X,X	382,458	Y,S	382,458	0,0
Q92630	7akf	A	232,382,458	X,X,X	232,382,458	S,Y,S	232,382,458	0,0,0
Q92630	7akh	A	232,382,458	X,X,X	232,382,458	S,Y,S	232,382,458	0,0,0
Q92630	7dg4	A	382,458	X,X	382,458	Y,S	382,458	0,0
Q92630	7dh3	A	382,458	X,X	382,458	Y,S	382,458	0,0
Q92630	7dh9	A	382,458	X,X	382,458	Y,S	382,458	0,0
Q92630	7dhc	A	382,458	X,X	382,458	Y,S	382,458	0,0
Q92630	7dhh	A	382,458	X,X	382,458	Y,S	382,458	0,0
Q92630	7dhk	A	382,458	X,X	382,458	Y,S	382,458	0,0
Q92630	7dhn	A	382,458	X,X	382,458	Y,S	382,458	0,0
Q92630	7dho	A	382,458	X,X	382,458	Y,S	382,458	0,0
Q92630	7dhv	A	382,458	X,X	382,458	Y,S	382,458	0,0
Q92630	7djo	A	382,458	X,X	382,458	Y,S	382,458	0,0
Q92630	7dl6	A	382,458	X,X	382,458	Y,S	382,458	0,0
Q92630	8hlt	A	309	X	309	Y	382	0
Q92630	8hlt	B	309	X	309	Y	382	0
Q92731	3oll	A	488	X	488	Y	488	0
Q92731	3oll	B	488	X	488	Y	488	0
Q92918	6nfz	A	165,171	X,X	165,171	T,S	165,171	0,0
Q96EY4	8fla	NR	127	X	127	Y	127	0
Q96EY4	8flb	NR	127	X	127	Y	127	0
Q96EY4	8flc	NR	127	X	127	Y	127	0
Q96G74	3tmp	A	177	X	177	S	177	1
Q96G74	3tmp	C	177	X	177	S	177	0
Q96G74	3tmp	E	177	X	177	S	177	0
Q96G74	3tmp	G	177	X	177	S	177	4
Q96RR4	6cmj	A	345,400,462	X,X,X	345,400,462	S,S,T	345,400,462	0,0,2
Q96RR4	6cmj	B	345,400,462	X,X,X	345,400,462	S,S,T	345,400,462	0,0,3
Q99640	5vcv	A	260	X	260	T	260	0
Q99683	6e2m	A	838	X	838	T	838	3
Q99683	6e2n	A	838	X	838	T	838	3
Q99683	6e2o	A	838	X	838	T	838	4
Q9BYP7	5o1v	A	304	X	304	S	304	0
Q9BYP7	5o1v	B	304	X	304	S	304	6
Q9BYP7	5o21	A	304	X	304	S	304	0
Q9BYP7	5o21	B	304	X	304	S	304	0
Q9BYP7	5o23	A	304	X	304	S	304	0
Q9BYP7	5o23	B	304	X	304	S	304	0
Q9BYP7	5o26	A	304,308	X,X	304,308	S,S	304,308	0,0
Q9BYP7	5o26	B	304,308	X,X	304,308	S,S	304,308	0,0
Q9H2G2	2jfl	A	183,189	X,X	183,189	T,S	183,189	0,0
Q9H2G2	2jfm	A	183	X	183	T	183	0
Q9H2G2	2uv2	A	183	T,X	183,183	T,T	183,183	0,0
Q9H2X9	6m23	A	906,1007	X,X	906,1007	T,T	929,1030	0,16
Q9H2X9	6m23	B	906,1007	X,X	906,1007	T,T	929,1030	0,16
Q9H3Z4	2n04	A	10	X	10	S	10	0
Q9H8S9	5brk	A	12,35	X,X	12,35	T,T	12,35	9,2
Q9HCE5	5il0	B	399	X	399	S	399	6
Q9HCE5	5il1	B	399	X	399	S	399	6
Q9HCE5	5il2	B	399	X	399	S	399	6
Q9JIH7	5w7t	A	382	X	382	S	382	0
Q9JIH7	5w7t	B	382	X	382	S	382	0
Q9NQS7	6gr8	B	893,894	X,X	893,894	S,S	893,894	0,0
Q9NQS7	6gr9	B	893,894	X,X	893,894	S,S	893,894	15,14
Q9NWF9	7m4o	A	719	X	719	S	719	0
Q9NWZ3	2nru	A	345,346	X,X	345,346	T,S	345,346	0,0
Q9NWZ3	2nru	B	345,346	X,X	345,346	T,S	345,346	0,0
Q9NWZ3	2nru	C	345,346	X,X	345,346	T,S	345,346	0,0
Q9NWZ3	2nru	D	345,346	X,X	345,346	T,S	345,346	0,0
Q9NWZ3	2nry	A	345	X	345	T	345	5
Q9NWZ3	2nry	B	345	X	345	T	345	5
Q9NWZ3	2nry	C	345	X	345	T	345	4
Q9NWZ3	2nry	D	345	X	345	T	345	5
Q9NWZ3	2o8y	A	342,345	X,X	342,345	T,T	342,345	5,5
Q9NWZ3	2o8y	B	342,345	X,X	342,345	T,T	342,345	4,4
Q9NWZ3	2oib	A	342,345,346	X,X,X	342,345,346	T,T,S	342,345,346	4,4,4
Q9NWZ3	2oib	C	342,345,346	X,X,X	342,345,346	T,T,S	342,345,346	4,4,4
Q9NWZ3	2oib	D	342,345,346	X,X,X	342,345,346	T,T,S	342,345,346	0,0,0
Q9NWZ3	2oic	A	342,345,346	X,X,X	342,345,346	T,T,S	342,345,346	6,6,6
Q9NWZ3	2oic	C	342,345,346	X,X,X	342,345,346	T,T,S	342,345,346	10,7,6
Q9NWZ3	2oic	D	342,345,346	X,X,X	342,345,346	T,T,S	342,345,346	2,2,2
Q9NWZ3	2oid	A	342,345,346	X,X,X	342,345,346	T,T,S	342,345,346	4,4,4
Q9NWZ3	2oid	C	342,345,346	X,X,X	342,345,346	T,T,S	342,345,346	6,6,6
Q9NWZ3	2oid	D	342,345,346	X,X,X	342,345,346	T,T,S	342,345,346	3,3,3
Q9NWZ3	4rmz	A	342,345,346	X,X,X	342,345,346	T,T,S	342,345,346	3,3,3
Q9NWZ3	4xs2	A	342,345,346	X,X,X	342,345,346	T,T,S	342,345,346	4,4,4
Q9NWZ3	4xs2	B	342,345,346	X,X,X	342,345,346	T,T,S	342,345,346	7,7,6
Q9NWZ3	4xs2	C	342,345,346	X,X,X	342,345,346	T,T,S	342,345,346	4,4,4
Q9NWZ3	4xs2	D	342,345,346	X,X,X	342,345,346	T,T,S	342,345,346	5,5,5
Q9NWZ3	4y73	A	342,345,346	X,X,X	342,345,346	T,T,S	342,345,346	5,5,5
Q9NWZ3	4y73	B	342,345,346	X,X,X	342,345,346	T,T,S	342,345,346	7,7,6
Q9NWZ3	4y73	C	342,345,346	X,X,X	342,345,346	T,T,S	342,345,346	4,4,4
Q9NWZ3	4y73	D	342,345,346	X,X,X	342,345,346	T,T,S	342,345,346	5,5,5
Q9NWZ3	4yo6	A	342,345,346	X,X,X	342,345,346	T,T,S	342,345,346	3,3,3
Q9NWZ3	4yo6	B	342,345,346	X,X,X	342,345,346	T,T,S	342,345,346	6,6,5
Q9NWZ3	4yo6	C	342,345,346	X,X,X	342,345,346	T,T,S	342,345,346	5,5,5
Q9NWZ3	4yo6	D	342,345,346	X,X,X	342,345,346	T,T,S	342,345,346	4,4,4
Q9NWZ3	4yp8	A	342,345,346	X,X,X	342,345,346	T,T,S	342,345,346	4,4,4
Q9NWZ3	4yp8	B	342,345,346	X,X,X	342,345,346	T,T,S	342,345,346	6,6,5
Q9NWZ3	4yp8	C	342,345,346	X,X,X	342,345,346	T,T,S	342,345,346	4,4,4
Q9NWZ3	4yp8	D	342,345,346	X,X,X	342,345,346	T,T,S	342,345,346	4,4,4
Q9NWZ3	4ztl	A	342,345,346	X,X,X	342,345,346	T,T,S	342,345,346	7,7,6
Q9NWZ3	4ztl	B	342,345,346	X,X,X	342,345,346	T,T,S	342,345,346	6,6,5
Q9NWZ3	4ztl	C	342,345,346	X,X,X	342,345,346	T,T,S	342,345,346	4,4,4
Q9NWZ3	4ztl	D	342,345,346	X,X,X	342,345,346	T,T,S	342,345,346	4,4,4
Q9NWZ3	4ztm	A	342,345,346	X,X,X	342,345,346	T,T,S	342,345,346	3,3,3
Q9NWZ3	4ztm	B	342,345,346	X,X,X	342,345,346	T,T,S	342,345,346	6,6,5
Q9NWZ3	4ztm	C	342,345,346	X,X,X	342,345,346	T,T,S	342,345,346	4,4,4
Q9NWZ3	4ztm	D	342,345,346	X,X,X	342,345,346	T,T,S	342,345,346	5,5,5
Q9NWZ3	4ztn	A	342,345,346	X,X,X	342,345,346	T,T,S	342,345,346	4,4,4
Q9NWZ3	4ztn	B	342,345,346	X,X,X	342,345,346	T,T,S	342,345,346	4,4,4
Q9NWZ3	4ztn	C	342,345,346	X,X,X	342,345,346	T,T,S	342,345,346	5,5,5
Q9NWZ3	4ztn	D	342,345,346	X,X,X	342,345,346	T,T,S	342,345,346	4,4,4
Q9NWZ3	5k72	A	345,346	X,X	345,346	T,S	345,346	7,7
Q9NWZ3	5k72	C	345,346	X,X	345,346	T,S	345,346	7,7
Q9NWZ3	5k72	D	345,346	X,X	345,346	T,S	345,346	7,7
Q9NWZ3	5k75	A	345,346	X,X	345,346	T,S	345,346	8,7
Q9NWZ3	5k75	B	345,346	X,X	345,346	T,S	345,346	6,6
Q9NWZ3	5k75	C	345,346	X,X	345,346	T,S	345,346	6,6
Q9NWZ3	5k75	D	345,346	X,X	345,346	T,S	345,346	5,5
Q9NWZ3	5k76	A	345,346	X,X	345,346	T,S	345,346	6,6
Q9NWZ3	5k76	B	345,346	X,X	345,346	T,S	345,346	7,7
Q9NWZ3	5k7g	A	345,346	X,X	345,346	T,S	345,346	7,7
Q9NWZ3	5k7g	C	345,346	X,X	345,346	T,S	345,346	7,7
Q9NWZ3	5k7g	D	345,346	X,X	345,346	T,S	345,346	7,7
Q9NWZ3	5k7i	A	345,346	X,X	345,346	T,S	345,346	7,7
Q9NWZ3	5k7i	B	345,346	X,X	345,346	T,S	345,346	7,7
Q9NWZ3	5kx7	A	342,345,346	X,X,X	342,345,346	T,T,S	342,345,346	4,4,4
Q9NWZ3	5kx7	B	342,345,346	X,X,X	342,345,346	T,T,S	342,345,346	4,4,4
Q9NWZ3	5kx8	A	342,345,346	X,X,X	342,345,346	T,T,S	342,345,346	4,4,4
Q9NWZ3	5kx8	B	342,345,346	X,X,X	342,345,346	T,T,S	342,345,346	6,6,5
Q9NWZ3	5kx8	C	342,345,346	X,X,X	342,345,346	T,T,S	342,345,346	4,4,4
Q9NWZ3	5kx8	D	342,345,346	X,X,X	342,345,346	T,T,S	342,345,346	5,5,5
Q9NWZ3	5t1s	A	342,345,346	X,X,X	342,345,346	T,T,S	342,345,346	3,3,3
Q9NWZ3	5t1s	B	342,345,346	X,X,X	342,345,346	T,T,S	342,345,346	5,5,5
Q9NWZ3	5t1s	C	342,345,346	X,X,X	342,345,346	T,T,S	342,345,346	5,5,5
Q9NWZ3	5t1s	D	342,345,346	X,X,X	342,345,346	T,T,S	342,345,346	5,5,5
Q9NWZ3	5t1t	A	342,345,346	X,X,X	342,345,346	T,T,S	342,345,346	6,6,6
Q9NWZ3	5t1t	B	342,345,346	X,X,X	342,345,346	T,T,S	342,345,346	5,5,5
Q9NWZ3	5t1t	C	342,345,346	X,X,X	342,345,346	T,T,S	342,345,346	4,4,4
Q9NWZ3	5t1t	D	342,345,346	X,X,X	342,345,346	T,T,S	342,345,346	5,5,5
Q9NWZ3	5uiq	A	342,345,346	X,X,X	342,345,346	T,T,S	342,345,346	4,4,4
Q9NWZ3	5uiq	B	342,345,346	X,X,X	342,345,346	T,T,S	342,345,346	5,5,5
Q9NWZ3	5uiq	C	342,345,346	X,X,X	342,345,346	T,T,S	342,345,346	4,4,4
Q9NWZ3	5uiq	D	342,345,346	X,X,X	342,345,346	T,T,S	342,345,346	6,6,6
Q9NWZ3	5uir	B	342,345,346	X,X,X	342,345,346	T,T,S	342,345,346	5,5,5
Q9NWZ3	5uit	A	345,346	X,X	345,346	T,S	345,346	5,5
Q9NWZ3	5uit	B	345,346	X,X	345,346	T,S	345,346	5,5
Q9NWZ3	5uiu	A	342,345,346	X,X,X	342,345,346	T,T,S	342,345,346	5,5,5
Q9NWZ3	5uiu	B	342,345,346	X,X,X	342,345,346	T,T,S	342,345,346	5,5,5
Q9NWZ3	5w84	A	342,345,346	X,X,X	342,345,346	T,T,S	342,345,346	5,5,5
Q9NWZ3	5w84	B	342,345,346	X,X,X	342,345,346	T,T,S	342,345,346	5,5,5
Q9NWZ3	5w85	A	342,345,346	X,X,X	342,345,346	T,T,S	342,345,346	5,5,5
Q9NWZ3	5w85	B	342,345,346	X,X,X	342,345,346	T,T,S	342,345,346	4,4,4
Q9NWZ3	6f3d	A	345,346	X,X	345,346	T,S	345,346	7,7
Q9NWZ3	6f3d	B	345,346	X,X	345,346	T,S	345,346	7,7
Q9NWZ3	6f3e	A	342,345	X,X	342,345	T,T	342,345	8,7
Q9NWZ3	6f3e	B	342,345	X,X	342,345	T,T	342,345	5,5
Q9NWZ3	6f3g	A	342,345,346	X,X,X	342,345,346	T,T,S	342,345,346	6,6,6
Q9NWZ3	6f3g	B	345,346	X,X	345,346	T,S	345,346	6,6
Q9NWZ3	6f3i	A	345,346	X,X	345,346	T,S	345,346	7,7
Q9NWZ3	6f3i	B	345,346	X,X	345,346	T,S	345,346	7,7
Q9NWZ3	6lxy	A	345,346	X,X	345,346	T,S	345,346	2,2
Q9NWZ3	6lxy	B	345,346	X,X	345,346	T,S	345,346	0,0
Q9NWZ3	6lxy	D	345,346	X,X	345,346	T,S	345,346	5,5
Q9NWZ3	6lxy	E	345,346	X,X	345,346	T,S	345,346	7,7
Q9NWZ3	6mom	A	342,345,346	X,X,X	342,345,346	T,T,S	342,345,346	3,3,3
Q9NWZ3	6mom	B	342,345,346	X,X,X	342,345,346	T,T,S	342,345,346	4,4,4
Q9NWZ3	6mom	C	342,345,346	X,X,X	342,345,346	T,T,S	342,345,346	3,3,3
Q9NWZ3	6mom	D	342,345,346	X,X,X	342,345,346	T,T,S	342,345,346	0,0,0
Q9NWZ3	6n8g	A	342,345,346	X,X,X	342,345,346	T,T,S	342,345,346	4,4,4
Q9NWZ3	6n8g	B	342,345,346	X,X,X	342,345,346	T,T,S	342,345,346	5,5,5
Q9NWZ3	6n8g	C	342,345,346	X,X,X	342,345,346	T,T,S	342,345,346	4,4,4
Q9NWZ3	6n8g	D	342,345,346	X,X,X	342,345,346	T,T,S	342,345,346	5,5,5
Q9NWZ3	6o8u	A	345,346	X,X	345,346	T,S	345,346	6,6
Q9NWZ3	6o8u	B	345,346	X,X	345,346	T,S	345,346	7,7
Q9NWZ3	6o8u	C	345,346	X,X	345,346	T,S	345,346	4,4
Q9NWZ3	6o8u	D	345,346	X,X	345,346	T,S	345,346	6,6
Q9NWZ3	6o94	A	342,345,346	X,X,X	342,345,346	T,T,S	342,345,346	4,4,4
Q9NWZ3	6o94	B	342,345,346	X,X,X	342,345,346	T,T,S	342,345,346	4,4,4
Q9NWZ3	6o94	C	342,345,346	X,X,X	342,345,346	T,T,S	342,345,346	4,4,4
Q9NWZ3	6o94	D	342,345,346	X,X,X	342,345,346	T,T,S	342,345,346	5,5,5
Q9NWZ3	6o95	A	342,345,346	X,X,X	342,345,346	T,T,S	342,345,346	5,5,5
Q9NWZ3	6o95	B	342,345,346	X,X,X	342,345,346	T,T,S	342,345,346	5,5,5
Q9NWZ3	6o95	C	342,345,346	X,X,X	342,345,346	T,T,S	342,345,346	5,5,5
Q9NWZ3	6o9d	A	342,345,346	X,X,X	342,345,346	T,T,S	342,345,346	4,4,4
Q9NWZ3	6o9d	B	342,345,346	X,X,X	342,345,346	T,T,S	342,345,346	5,5,5
Q9NWZ3	6o9d	C	342,345,346	X,X,X	342,345,346	T,T,S	342,345,346	5,5,5
Q9NWZ3	6o9d	D	342,345,346	X,X,X	342,345,346	T,T,S	342,345,346	3,3,3
Q9NWZ3	6rfi	A	345,346	X,X	345,346	T,S	345,346	5,5
Q9NWZ3	6rfi	B	345,346	X,X	345,346	T,S	345,346	8,8
Q9NWZ3	6rfj	A	345,346	X,X	345,346	T,S	345,346	7,7
Q9NWZ3	6rfj	B	345,346	X,X	345,346	T,S	345,346	8,8
Q9NWZ3	6thx	A	345,346	X,X	345,346	T,S	345,346	6,6
Q9NWZ3	6thx	B	345,346	X,X	345,346	T,S	345,346	5,5
Q9NWZ3	6thz	A	345,346	X,X	345,346	T,S	345,346	6,6
Q9NWZ3	6thz	B	345,346	X,X	345,346	T,S	345,346	5,5
Q9NWZ3	6ti8	A	345,346	X,X	345,346	T,S	345,346	6,6
Q9NWZ3	6ti8	B	345,346	X,X	345,346	T,S	345,346	7,7
Q9NWZ3	6ti8	C	345,346	X,X	345,346	T,S	345,346	7,7
Q9NWZ3	6ti8	D	345,346	X,X	345,346	T,S	345,346	7,7
Q9NWZ3	6tia	A	345,346	X,X	345,346	T,S	345,346	6,6
Q9NWZ3	6tia	B	345,346	X,X	345,346	T,S	345,346	6,6
Q9NWZ3	6uya	A	342,345,346	X,X,X	342,345,346	T,T,S	342,345,346	5,5,5
Q9NWZ3	6uya	B	342,345,346	X,X,X	342,345,346	T,T,S	342,345,346	4,4,4
Q9NWZ3	6uya	C	342,345,346	X,X,X	342,345,346	T,T,S	342,345,346	6,6,6
Q9NWZ3	6uya	D	342,345,346	X,X,X	342,345,346	T,T,S	342,345,346	6,6,6
Q9NWZ3	6vql	C	342,345,346	X,X,X	342,345,346	T,T,S	342,345,346	4,4,4
Q9NWZ3	6vql	D	342,345,346	X,X,X	342,345,346	T,T,S	342,345,346	3,3,3
Q9NWZ3	7c2v	A	342,345,346	X,X,X	342,345,346	T,T,S	342,345,346	4,4,4
Q9NWZ3	7c2v	B	342,345,346	X,X,X	342,345,346	T,T,S	342,345,346	5,5,5
Q9NWZ3	7c2v	C	342,345,346	X,X,X	342,345,346	T,T,S	342,345,346	5,5,5
Q9NWZ3	7c2v	D	342,345,346	X,X,X	342,345,346	T,T,S	342,345,346	4,4,4
Q9NWZ3	7c2w	A	346	X	346	S	346	0
Q9NWZ3	7c2w	B	346	X	346	S	346	0
Q9NWZ3	7c2w	C	346	X	346	S	346	0
Q9NWZ3	7c2w	D	346	X	346	S	346	0
Q9NWZ3	7qg1	A	345,346	X,X	345,346	T,S	345,346	7,7
Q9NWZ3	7qg1	B	345,346	X,X	345,346	T,S	345,346	7,7
Q9NWZ3	7qg2	A	345,346	X,X	345,346	T,S	345,346	6,6
Q9NWZ3	7qg2	B	345,346	X,X	345,346	T,S	345,346	8,7
Q9NWZ3	7qg2	C	345,346	X,X	345,346	T,S	345,346	7,7
Q9NWZ3	7qg2	D	345,346	X,X	345,346	T,S	345,346	7,7
Q9NWZ3	7qg3	A	342,345,346	X,X,X	342,345,346	T,T,S	342,345,346	6,6,6
Q9NWZ3	7qg5	A	345,346	X,X	345,346	T,S	345,346	6,6
Q9NWZ3	7qg5	B	345,346	X,X	345,346	T,S	345,346	6,6
Q9NWZ3	8atb	AAA	345,346	X,X	345,346	T,S	345,346	8,7
Q9NWZ3	8atb	BBB	345,346	X,X	345,346	T,S	345,346	6,6
Q9NWZ3	8atl	AAA	345,346	X,X	345,346	T,S	345,346	7,7
Q9NWZ3	8atl	BBB	345,346	X,X	345,346	T,S	345,346	7,6
Q9NWZ3	8atn	AAA	345,346	X,X	345,346	T,S	345,346	5,5
Q9NWZ3	8atn	BBB	345,346	X,X	345,346	T,S	345,346	3,3
Q9NWZ3	8br5	AAA	342,345,346	X,X,X	342,345,346	T,T,S	342,345,346	4,4,4
Q9NWZ3	8br5	BBB	342,345,346	X,X,X	342,345,346	T,T,S	342,345,346	5,5,5
Q9NWZ3	8br5	CCC	342,345,346	X,X,X	342,345,346	T,T,S	342,345,346	6,6,5
Q9NWZ3	8br5	DDD	342,345,346	X,X,X	342,345,346	T,T,S	342,345,346	4,4,4
Q9NWZ3	8br6	AAA	345,346	X,X	345,346	T,S	345,346	7,6
Q9NWZ3	8br6	BBB	345,346	X,X	345,346	T,S	345,346	6,5
Q9NWZ3	8br7	AAA	345,346	X,X	345,346	T,S	345,346	6,6
Q9NWZ3	8br7	BBB	345,346	X,X	345,346	T,S	345,346	5,5
Q9NWZ3	8dks	A	346	X	346	S	346	7
Q9NWZ3	8dks	B	346	X	346	S	346	6
Q9NYL2	5hes	A	161	X	161	T	161	6
Q9NZQ7	7tps	B	127	X	127	T	127	0
Q9QZL0	4m69	A	184,231,232	X,X,X	184,231,232	S,T,S	184,231,232	9,0,0
Q9UBU7	6ya6	B	226	X	226	S	226	0
Q9UBU7	6ya8	B	226	X	226	S	226	0
Q9UHD2	4euu	A	172	X	172	S	172	0
Q9UHD2	4euu	B	172	X	172	S	172	0
Q9UHD2	4iw0	A	172	X	172	S	172	0
Q9UHW9	6m1y	A	940,997	X,X	940,997	T,T	991,1048	0,14
Q9UHW9	6m1y	B	940,997	X,X	940,997	T,T	991,1048	0,14
Q9UHW9	7ain	A	727,930	X,X	727,930	T,S	778,981	0,0
Q9UHW9	7ain	B	727,930	X,X	727,930	T,S	778,981	0,0
Q9UK32	6g76	A	232	X	232	S	232	0
Q9UKE5	6ra5	A	181,187	X,X	181,187	T,T	181,187	0,0
Q9UKE5	6ra7	A	181,187	X,X	181,187	T,T	181,187	0,0
Q9UKE5	7xzq	A	181,187	X,X	181,187	T,T	181,187	0,0
Q9UKE5	7xzr	A	181,187	X,X	181,187	T,T	181,187	0,0
Q9UKE5	7xzr	B	181,187	X,X	181,187	T,T	181,187	0,0
Q9UKE5	8wm0	A	181,187	X,X	181,187	T,T	181,187	0,0
Q9UP95	7aip	A	734,916	X,X	734,916	S,S	734,916	0,0
Q9UP95	7aip	B	734,916	X,X	734,916	S,S	734,916	0,0
Q9UP95	7air	B	734	X	734	S	734	0
Q9UQB9	6gr8	A	39,198	X,X	39,198	T,T	39,198	0,0
Q9UQB9	6gr9	A	39,198	X,X	39,198	T,T	39,198	1,0
Q9Y2K2	8r4o	A	221	X	221	T	221	0
Q9Y2K2	8r4o	C	221	X	221	T	221	0
Q9Y2K2	8r4o	E	221	X	221	T	221	0
Q9Y2K2	8r4o	G	221	X	221	T	221	0
Q9Y2K2	8r4o	I	221	X	221	T	221	0
Q9Y2K2	8r4o	K	221	X	221	T	221	0
Q9Y2K2	8r4q	A	221	X	221	T	221	0
Q9Y2K2	8r4q	C	221	X	221	T	221	0
Q9Y2K2	8r4q	E	221	X	221	T	221	0
Q9Y2K2	8r4q	G	221	X	221	T	221	0
Q9Y2K2	8r4q	I	221	X	221	T	221	0
Q9Y2K2	8r4q	K	221	X	221	T	221	0
Q9Y2K2	8r4u	A	221	X	221	T	221	0
Q9Y2K2	8r4u	C	221	X	221	T	221	0
Q9Y2K2	8r4u	E	221	X	221	T	221	0
Q9Y2K2	8r4u	G	221	X	221	T	221	0
Q9Y2K2	8r4v	A	221	X	221	T	221	0
Q9Y2K2	8r4v	B	221	X	221	T	221	0
Q9Y2K2	8r4v	C	221	X	221	T	221	0
Q9Y478	4cfe	B	108	X	108	S	108	0
Q9Y478	4cfe	D	108	X	108	S	108	0
Q9Y478	4cff	B	108	X	108	S	108	0
Q9Y478	4cff	D	108	X	108	S	108	0
Q9Y478	4zhx	B	108	X	108	S	108	0
Q9Y478	4zhx	D	108	X	108	S	108	0
Q9Y478	5ezv	B	108	X	108	S	108	0
Q9Y478	5ezv	D	108	X	108	S	108	0
Q9Y478	5iso	B	108	X	108	S	108	0
Q9Y478	5iso	D	108	X	108	S	108	0
Q9Y478	6b1u	B	108	X	108	S	108	0
Q9Y478	6b1u	D	108	X	108	S	108	0
Q9Y478	7myj	B	108	X	108	S	108	0
Q9Y478	7myj	D	108	X	108	S	108	0
Q9Y572	7mon	B	224,227	X,X	224,227	T,S	224,227	0,0
Q9Y6E0	3a7f	A	178	X	178	T	190	6
Q9Y6E0	3a7g	A	178	X	178	T	190	0
Q9Y6E0	3a7g	B	178	X	178	T	190	0
Q9Y6E0	3a7h	A	178	X	178	T	190	0
Q9Y6E0	3a7h	B	178	X	178	T	190	0
Q9Y6E0	3a7i	A	178	X	178	T	190	0
Q9Y6E0	3a7j	A	178	X	178	T	190	0
Q9Y6E0	3ckx	A	163	X	163	T	190	0
Q9Y6E0	4qml	A	178	X	178	T	190	0
Q9Y6E0	4qmm	A	178	X	178	T	190	0
Q9Y6E0	4qmn	A	178	X	178	T	190	0
Q9Y6E0	4qmo	A	178	X	178	T	190	0
Q9Y6E0	4qmp	A	178	X	178	T	190	0
Q9Y6E0	4qmq	A	178	X	178	T	190	0
Q9Y6E0	4qms	A	178	X	178	T	190	0
Q9Y6E0	4qmt	A	178	X	178	T	190	0
Q9Y6E0	4qmu	A	178	X	178	T	190	0
Q9Y6E0	4qmv	A	178	X	178	T	190	0
Q9Y6E0	4qmw	A	178	X	178	T	190	0
Q9Y6E0	4qmx	A	178	X	178	T	190	0
Q9Y6E0	4qmy	A	178	X	178	T	190	0
Q9Y6E0	4qmz	A	178	X	178	T	190	0
Q9Y6E0	4qna	A	178	X	178	T	190	0
Q9Y6E0	4qo9	A	178	X	178	T	190	0
Q9Y6E0	4qo9	B	178	X	178	T	190	0
Q9Y6E0	4u8z	A	178	X	178	T	190	0
Q9Y6E0	4w8d	A	178	X	178	T	190	0
Q9Y6E0	4w8e	A	178	X	178	T	190	0
